name;mix_name;isrc;artists;composer;remixers
Talk To Me;Original Mix;UACT10700001;Sergio Mega;LAZAREV SERGIY GEORGIEVYCH;
Satisfied;Original Mix;UACT10700002;Sergio Mega;LAZAREV SERGIY GEORGIEVYCH;
Synthetic People;Original Mix;UACT10700003;Sergio Mega feat. Elvira Solovey;LAZAREV SERGIY GEORGIEVYCH;
Everything's Gonna Be OK;Bastard Mix;UACT10700010;Sergio Mega;LAZAREV SERGIY GEORGIEVYCH;
Radiance;Original Mix;UACT10700004;Sergio Mega;LAZAREV SERGIY GEORGIEVYCH;
In My Heart;Original Mix;UACT10700005;Sergio Mega;LAZAREV SERGIY GEORGIEVYCH;
Superstar;Original Mix;UACT10700006;Sergio Mega;LAZAREV SERGIY GEORGIEVYCH;
Bastard World;Original Mix;UACT10700007;Sergio Mega;LAZAREV SERGIY GEORGIEVYCH;
Party Moods;Original Mix;UACT10700008;Sergio Mega feat. Lutz Ebmeier;LAZAREV SERGIY GEORGIEVYCH;
Trust Me;Original Radio Mix;UACT10700074;Sergio Mega feat. Storm Tarrion;LAZAREV SERGIY GEORGIEVYCH;
I'm Your Ecstasy;Original Mix;UACT10700011;Sergio Mega;LAZAREV SERGIY GEORGIEVYCH;
Synthetic People;Niels Von Geyer's Berlin Phenomena Remix;UACT10700012;Sergio Mega feat. Elvira Solovey;LAZAREV SERGIY GEORGIEVYCH;Niels Von Geyer
Synthetic People;Original Mix;UACT10700003;Sergio Mega feat. Elvira Solovey;LAZAREV SERGIY GEORGIEVYCH;
Synthetic People;Radio Cut;UACT10700075;Sergio Mega feat. Elvira Solovey;LAZAREV SERGIY GEORGIEVYCH;
Synthetic People;Niels Von Geyer's Berlin Phenomena Remix;UACT10700012;Sergio Mega feat. Elvira Solovey;LAZAREV SERGIY GEORGIEVYCH;Niels Von Geyer
Synthetic People;Sambooca Mix;UACT10700099;Sergio Mega feat. Elvira Solovey;LAZAREV SERGIY GEORGIEVYCH;Sambooca
Synthetic People;Sambooca Radio Edit;UACT10700102;Sergio Mega feat. Elvira Solovey;LAZAREV SERGIY GEORGIEVYCH;Sambooca
Synthetic People;DJ Small & LV Synthetic Vox;UACT10700109;Sergio Mega feat. Elvira Solovey;LAZAREV SERGIY GEORGIEVYCH;DJ Small |   LV
Trust Me;Original Radio Mix;UACT10700074;Sergio Mega feat. Storm Tarrion;LAZAREV SERGIY GEORGIEVYCH;
Trust Me;Marcello Mineo & Strike Remix;UACT10700095;Sergio Mega feat. Storm Tarrion;LAZAREV SERGIY GEORGIEVYCH;Marcello Mineo |   Strike
Trust Me;Sambooca Mix;UACT10700098;Sergio Mega feat. Storm Tarrion;LAZAREV SERGIY GEORGIEVYCH;Sambooca
Trust Me;Acapella;UACT10700087;Sergio Mega feat. Storm Tarrion;LAZAREV SERGIY GEORGIEVYCH;
People In The House;Sambooca Mix;UACT10700100;Marcello Mineo;MINEO MARCELLO;Sambooca
People In The House;Sergio Mega Remix;UACT10700105;Marcello Mineo;MINEO MARCELLO;Sergio Mega
Be Yourself;Original Mix;UACT10700066;Sergio Mega feat. Storm Tarrion;LAZAREV SERGIY GEORGIEVYCH;
Be Yourself;DerBastler Remix;UACT10700116;Sergio Mega feat. Storm Tarrion;LAZAREV SERGIY GEORGIEVYCH;DerBastler
Be Yourself;DJ Small & LV Synthetic Dub;UACT10700108;Sergio Mega feat. Storm Tarrion;LAZAREV SERGIY GEORGIEVYCH;DJ Small |   LV
Be Yourself;M.I.D.I. Phobia Mix;UACT10700121;Sergio Mega feat. Storm Tarrion;LAZAREV SERGIY GEORGIEVYCH;M.I.D.I.
Satisfied;Original Mix;UACT10700002;Sergio Mega;LAZAREV SERGIY GEORGIEVYCH;
Satisfied;Minimal Mix;UACT10700088;Sergio Mega;LAZAREV SERGIY GEORGIEVYCH;
Satisfied;DJ Tiesel Slutisfied Remix;UACT10700073;Sergio Mega;LAZAREV SERGIY GEORGIEVYCH;DJ Tiesel
Satisfied;Dan Brain Mix;UACT10700139;Sergio Mega;LAZAREV SERGIY GEORGIEVYCH;Dan Brain
Funk, Flight, Magic;Original Mix;UACT10700090;Sergio Mega feat. MC Yug;LAZAREV SERGIY GEORGIEVYCH;
That's My;Original Mix;UACT10700092;Marcello Mineo;MINEO MARCELLO;
Soon (It Shell Begin);Original Mix;UACT10700119;DJ Small;GYLYAK VALENTIN OLEXANDRIVYCH;
I Ball lt;Original Mix;UACT10700111;Dan Brain;MOZGOVOY DENIS;
Talk To Me;Original Mix;UACT10700001;Sergio Mega;LAZAREV SERGIY GEORGIEVYCH;
In My Heart;Original Mix;UACT10700005;Sergio Mega;LAZAREV SERGIY GEORGIEVYCH;
Bastard World;Original Mix;UACT10700007;Sergio Mega;LAZAREV SERGIY GEORGIEVYCH;
I'm Your Extasy;Remaster Edit;UACT10700053;Sergio Mega;LAZAREV SERGIY GEORGIEVYCH;
I'm Your Ecstasy;Zavoloka Remix;UACT10700084;Sergio Mega;LAZAREV SERGIY GEORGIEVYCH;Zavoloka
I'm Your Extasy;Ikiro Mix;UACT10700086;Sergio Mega;LAZAREV SERGIY GEORGIEVYCH;Ikiro
I'm Your Extasy;Electric Ambient Mix;UACT10700062;Sergio Mega;LAZAREV SERGIY GEORGIEVYCH;
Dance Not Over;Club Dub;UACT10800059;Sergio Mega feat. Niels Von Geyer;LAZAREV SERGIY GEORGIEVYCH;
Dance Not Over;DJ Lion Remix;UACT10700085;Sergio Mega feat. Niels Von Geyer;LAZAREV SERGIY GEORGIEVYCH;DJ Lion
Dance Not Over;Original Vocal Mix;UACT10700089;Sergio Mega feat. Niels Von Geyer;LAZAREV SERGIY GEORGIEVYCH;
Obsession;Original Mix;UACT10700104;Sambooca;KEBA DARIA MYKOLAEVNA | KOROVIN OLEG  OLEGOVYCH | DROZDOVROMAN  VLADIMIROVYCH;
Electronic;Original Mix;UACT10700142;Ikiro;KRASNOSHTAN SERGEY ANATOLIEVYCH;
Sci Fi Navy;DerBastler Mix;UACT10700134;Futura Partitura, Foa Hoka;MOSKALENKO IVAN OLEXANDROVYCH | KUROVSKIY DMYTRO;DerBastler
Put Your Money;Original Mix;UACT10700112;Dan Brain;MOZGOVOY DENIS;
1970;Original Mix;UACT10700137;Marcello Mineo;MINEO MARCELLO;
Sunrise;Original Mix;UACT10700138;Marcello Mineo;MINEO MARCELLO | YERESHCHENKO YEVGENIY ALEKSEYEVYCH | KULINICH ALEKSEI NIKOLAEVYCH | SLESARENKO SERGEY ALEKSANDROVYCH;
Only Friends;Original Mix;UACT10700080;Sergio Mega feat. Storm Tarrion;LAZAREV SERGIY GEORGIEVYCH;
Only Friends;X Mix;UACT10700082;Sergio Mega feat. Storm Tarrion;LAZAREV SERGIY GEORGIEVYCH;
Only Friends;DJ Pierre Afro Acid Remix;UACT10700081;Sergio Mega feat. Storm Tarrion;LAZAREV SERGIY GEORGIEVYCH;DJ Pierre
Only Friends;Dan Brain Dub;UACT10700083;Sergio Mega feat. Storm Tarrion;LAZAREV SERGIY GEORGIEVYCH;Dan Brain
Zorba Dub;Ikiro Remix;UACT10700148;DJ Der Bastler;MOSKALENKO IVAN ALEXANDROVYCH;Ikiro
Zorba Dub;Ingvo & DJ Der Bastler Remix;UACT10700149;DJ Der Bastler;MOSKALENKO IVAN ALEXANDROVYCH;DJ Der Bastler | Ingvo
Zorba Dub;Original Mix;UACT10700106;DJ Der Bastler;MOSKALENKO IVAN ALEXANDROVYCH;
Zorba Dub;Sergio Mega Remix;UACT10700147;DJ Der Bastler;MOSKALENKO IVAN ALEXANDROVYCH;Sergio Mega
Insomnia;Original Mix;UACT10700128;Shiz;KUYDA IVAN VLADIMIROVYCH | KAKHNICH NICKOLAY NICKOLAEVYCH;
Insomnia;Sergio Mega Remix;UACT10700151;Shiz;KUYDA IVAN VLADIMIROVYCH | KAKHNICH NICKOLAY NICKOLAEVYCH;Sergio Mega
Insomnia;Kotov & Andre Wilde Remix;UACT10700150;Shiz;KUYDA IVAN VLADIMIROVYCH | KAKHNICH NICKOLAY NICKOLAEVYCH;Kotov | Andre Wilde
Party Moods;Original Mix;UACT10700008;Sergio Mega feat. Lutz Ebmeier;LAZAREV SERGIY GEORGIEVYCH;
Superstar;Original Mix;UACT10700006;Sergio Mega;LAZAREV SERGIY GEORGIEVYCH;
Radiance;Original Mix;UACT10700004;Sergio Mega;LAZAREV SERGIY GEORGIEVYCH;
Rocker;Original Mix;UACT10700094;Marcello Mineo;MINEO MARCELLO;
Sunday 7;Original Mix;UACT10700127;Toras;ZOBNIN TARAS ANATOLEVYCH;
Infected;Original Mix;UACT10700077;Sergio Mega;LAZAREV SERGIY GEORGIEVYCH;
Gum City Lovers;Original Mix;UACT10700072;Sergio Mega;LAZAREV SERGIY GEORGIEVYCH;
Gum City Lovers;Vanya Shiz Remix;UACT10800057;Sergio Mega;LAZAREV SERGIY GEORGIEVYCH;Vanya Shiz
Second life;Original Mix;UACT10800058;Vanya Shiz;KUYDA IVAN VLADIMIROVYCH;
Agressor;Original Mix;UACT10800079;Aquabeat feat. Positive Project;ZHIRNOV MAKSIM ALEKSANDROVYCH | DOSCHINSKIY MAKSIM VIKTOROVYCH;
Ezeepeezee;Original Mix;UACT10700113;Dan Brain;MOZGOVOY DENIS;
Jump;Original Mix;UACT10800052;Kotov & Andre Wilde;ROMANKO ANATOLIY;
Jump;Nathan Barato Anti Vox Remix;UACT10800088;Kotov & Andre Wilde;ROMANKO ANATOLIY;Nathan Barato
Jump;Aquabeat Remix;UACT10800089;Kotov & Andre Wilde;ROMANKO ANATOLIY;Aquabeat
Jump;Rework;UACT10800096;Kotov & Andre Wilde;ROMANKO ANATOLIY;
Miami 3800;Original Mix;UACT10800076;Ikiro;KRASNOSHTAN SERGEY ANATOLIEVYCH;
Waiting For The End;Original Mix;UACT10700125;M.I.D.I.;LAFORGE VITO;
System One;Original Mix;UACT10700078;Sergio Mega;LAZAREV SERGIY GEORGIEVYCH;
Illusion;Original Mix;UACT10800085;Vanya Shiz;KUYDA IVAN VLADIMIROVYCH | KOCHKUROV VITALII SERGEEVYCH;
Minima;Original Mix;UACT10800075;Slava Yaroslavskiy;YAROSLAVSKIY VYACHESLAV ALEKSANDROVYCH;
Sketch Of Groove;Original Mix;UACT10800072;Sketch Of Groove;DROZDOV ROMAN VLADIMIROVYCH;
Toxic;Original Mix;UACT10700136;DJ Small;MINEO MARCELLO;
More;Original Mix;UACT10800092;Tka4;TKACH VASYL VIKTOROVYCH;
Doma;Original Mix;UACT10700129;Dunaewsky 69;GLADUN ALEKSANDR IVANOVYCH;
Clowns;Original Mix;UACT10800091;Actifish;GORNICHEV YURIY YUREVYCH;
Algat;Original Mix;UACT10800095;Lamineylf;GLADUN ALEKSANDR IVANOVYCH;
In Minimal;Original Mix;UACT10800086;Tape Masters;MOSKOLENKO IVAN;
The Dust;Drumma Dub Promo Edit;UACT10700135;DJ Small feat. Rhythm Fest;GYLYAK VALENTIN OLEXANDRIVYCH;
The Dust;Sergio Mega Remix;UACT10800063;DJ Small feat. Rhythm Fest;GULYAK VALENTYN OLEKSANDROVYCH;Sergio Mega
The Fest;Original Mix;UACT10700076;Sergio Mega;LAZAREV SERGIY GEORGIEVYCH;
The Fest;Andrea Martini Remix;UACT10800097;Sergio Mega;LAZAREV SERGIY GEORGIEVYCH;Andrea Martini
The Fest;Aquabeat Remix;UACT10800082;Sergio Mega;LAZAREV SERGIY GEORGIEVYCH;Aquabeat
Chernobyl;Original Mix;UACT10800081;Aquabeat;ZHIRNOV MAKSIM ALEKSANDROVYCH | DOSCHINSKIY MAKSIM VIKTOROVYCH;
Chernobyl;Vincent Rio & Vladimir Great Remix;UACT10800100;Aquabeat;ZHIRNOV MAKSIM ALEKSANDROVYCH | DOSCHINSKIY MAKSIM VIKTOROVYCH;Vincent Rio |  Vladimir Great
Chernobyl;Andi Vax No Future Radio Remix;UACT10800102;Aquabeat;ZHIRNOV MAKSIM ALEKSANDROVYCH | DOSCHINSKIY MAKSIM VIKTOROVYCH;Andi Vax
Chernobyl;Andi Vax No Future Remix;UACT10800101;Aquabeat;ZHIRNOV MAKSIM ALEKSANDROVYCH | DOSCHINSKIY MAKSIM VIKTOROVYCH;Andi Vax
Chernobyl;Kotov And Andre Wilde Remix;UACT10800104;Aquabeat;ZHIRNOV MAKSIM ALEKSANDROVYCH | DOSCHINSKIY MAKSIM VIKTOROVYCH;Kotov |   Andre Wilde
Chernobyl;Tomas Kaine Remix;UACT10800103;Aquabeat;ZHIRNOV MAKSIM ALEKSANDROVYCH | DOSCHINSKIY MAKSIM VIKTOROVYCH;Tomas Kaine
Mute Symphony;Original Mix;UACT10800198;D-geetals;CHIPOLINI JUAN JESE;
Meat On The Dancefloor;Original Mix;UACT10800205;Ekspert;MAKEEV NIKOLAY SERGEEVYCH;
Funk, Flight, Magic;Dub Mix;UACT10800206;Sergio Mega feat. MC Yug;LAZAREV SERGIY GEORGIEVYCH;
Not You;Extended Club Mix;UACT10800170;Sergio Mega;LAZAREV SERGIY GEORGIEVYCH;
Not You;Michael Ruby Remix;UACT10800171;Sergio Mega;LAZAREV SERGIY GEORGIEVYCH;Michael Ruby
Not You;Ekspert Remix;UACT10800169;Sergio Mega;LAZAREV SERGIY GEORGIEVYCH;Ekspert
Not You;Aquabeat Remix;UACT10800168;Sergio Mega;LAZAREV SERGIY GEORGIEVYCH;Aquabeat
Not You;Actifish Remix;UACT10800167;Sergio Mega;LAZAREV SERGIY GEORGIEVYCH;Actifish
Turn Back;Original Mix;UACT10800153;2Sleepy;SOLNCEV VSEVOLOD EVGENEVYCH | MARCHENKO YURIY IGOREVYCH | PROKOPENKO ANDREY NIKOLAEVYCH;
Turn Back;Dunaewsky 69 Remix;UACT10800152;2Sleepy;SOLNCEV VSEVOLOD EVGENEVYCH | MARCHENKO YURIY IGOREVYCH | PROKOPENKO ANDREY NIKOLAEVYCH;Dunaewsky 69
Turn Back;Sergio Mega Remix;UACT10800154;2Sleepy;SOLNCEV VSEVOLOD EVGENEVYCH | MARCHENKO YURIY IGOREVYCH | PROKOPENKO ANDREY NIKOLAEVYCH;Sergio Mega
Plastic Toys;Original Mix;UACT10800158;Deb feat. MC Yug;LAFORGE VITO;
Plastic Toys;Nick Zero Remix;UACT10800156;Deb feat. MC Yug;LAFORGE VITO;Nick Zero
Plastic Toys;Aquabeat Remix;UACT10800155;Deb feat. MC Yug;LAFORGE VITO;Aquabeat
Plastic Toys;Sergio Mega Remix;UACT10800157;Deb feat. MC Yug;LAFORGE VITO;Sergio Mega
Hunter Speed;Original Mix;UACT10800159;Actifish;GORNICHEV YURIY YUREVYCH;
Crazy Filter;Original Mix;UACT10800160;Ikiro;KRASNOSHTAN SERGEY ANATOLIEVYCH;
Toxic;Original Mix;UACT10800161;AudioSuite;MINEO MARCELLO;
Cube;Original Mix;UACT10800162;Ikiro;KRASNOSHTAN SERGEY ANATOLIEVYCH;
Flight;Original Mix;UACT10800163;Ikiro;KRASNOSHTAN SERGEY ANATOLIEVYCH;
Nirvana;Original Mix;UACT10800164;Ikiro;KRASNOSHTAN SERGEY ANATOLIEVYCH;
Waiting For The End;Original Mix;UACT10800165;Deb;LAFORGE VITO;
2012;Original Mix;UACT10800166;Deb;LAFORGE VITO;
Aggressor;Techno Re Edit;UACT10800172;Aquabeat;ZHIRNOV MAKSIM ALEKSANDROVYCH | DOSCHINSKIY MAKSIM VIKTOROVYCH;
Aggressor;Ekspert Dub;UACT10800173;Aquabeat;ZHIRNOV MAKSIM ALEKSANDROVYCH | DOSCHINSKIY MAKSIM VIKTOROVYCH;Ekspert
Aggressor;Actifish Remix;UACT10800174;Aquabeat;ZHIRNOV MAKSIM ALEKSANDROVYCH | DOSCHINSKIY MAKSIM VIKTOROVYCH;Actifish
Aggressor;ZHYVO Remix;UACT10800175;Aquabeat;ZHIRNOV MAKSIM ALEKSANDROVYCH | DOSCHINSKIY MAKSIM VIKTOROVYCH;ZHYVO
Aggressor;Tarska Remix;UACT10800176;Aquabeat;ZHIRNOV MAKSIM ALEKSANDROVYCH | DOSCHINSKIY MAKSIM VIKTOROVYCH;Tarska
Mini Human Beings;Original Mix;UACT10800177;Kotov & Andre Wilde;ROMANKO ANATOLIY;
Mini Human Beings;Sergio Mega Remix;UACT10800178;Kotov & Andre Wilde;ROMANKO ANATOLIY;Sergio Mega
Mini Human Beings;Joee Cons Insomnia Remix;UACT10800179;Kotov & Andre Wilde;ROMANKO ANATOLIY;Joee Cons
Mini Human Beings;Michael Ruby Remix;UACT10800180;Kotov & Andre Wilde;ROMANKO ANATOLIY;Michael Ruby
Zis Vang;Original Mix;UACT10800181;Kotov & Andre Wilde;ROMANKO ANATOLIY;
Primadonna;Original Mix;UACT10800182;Aquabeat;ZHIRNOV MAKSIM ALEKSANDROVYCH | DOSCHINSKIY MAKSIM VIKTOROVYCH;
Did I Dream;Original Mix;UACT10800183;Ikiro;KRASNOSHTAN SERGEY ANATOLIEVYCH;
1 Week In Amsterdam;Original Mix;UACT10800184;Sergio Mega;LAZAREV SERGIY GEORGIEVYCH;
1 Week In Amsterdam;Ekspert Remix;UACT10800185;Sergio Mega;LAZAREV SERGIY GEORGIEVYCH;Ekspert
1 Week In Amsterdam;Michael Ruby Remix;UACT10800186;Sergio Mega;LAZAREV SERGIY GEORGIEVYCH;Michael Ruby
1 Week In Amsterdam;Kotov & Andre Wilde White Widow Remix;UACT10900190;Sergio Mega;LAZAREV SERGIY GEORGIEVYCH;Kotov |  Andre Wilde
1 Week In Amsterdam;Kotov & Andre Wilde Black Widow Remix;UACT10900191;Sergio Mega;LAZAREV SERGIY GEORGIEVYCH;Kotov |  Andre Wilde
1 Week In Amsterdam;Vinny Fiore's Dubtro At The Melkweg Remix;UACT10900192;Sergio Mega;LAZAREV SERGIY GEORGIEVYCH;Fiore & Inzerillo
In Minimal;Sergio Mega Remix;UACT10900187;Tape Masters;MOSKOLENKO IVAN;Sergio Mega
In Minimal;Aquabeat Remix;UACT10900188;Tape Masters;MOSKOLENKO IVAN;Aquabeat
In Minimal;Lamineylf Remix;UACT10900189;Tape Masters;MOSKOLENKO IVAN;Lamineylf
Funky House;Original Mix;UACT10700131;Fresh & Majestic;DROZDOV ROMAN VLADIMIROVYCH;
Jazzy;Original Mix;UACT10700132;Fresh & Majestic;DROZDOV ROMAN VLADIMIROVYCH;
Weird Creatures;Original Mix;UACT10900193;Tka4;TKACH VASYL VIKTOROVYCH;
1 Bit 2 Jazz;Original Mix;UACT10700133;Futura Partitura, Foa Hoka;MOSKALENKO IVAN OLEXANDROVYCH | KUROVSKIY DMYTRO;
Pacific;Original Mix;UACT10700140;Ikiro;KRASNOSHTAN SERGEY ANATOLIEVYCH;
Kick The Wave;Original Mix;UACT10900194;DJ YuraBest;KANDUBA YURIY DMITRIEVYCH;
Cocaine;Original Mix;UACT10900196;Aquabeat feat. Rey-Na;KORETNYUK YURIY PETROVYCH;
Cocaine;Original Radio Mix;UACT10900197;Aquabeat feat. Rey-Na;KORETNYUK YURIY PETROVYCH;
Cocaine;Truati Remix;UACT10900198;Aquabeat feat. Rey-Na;KORETNYUK YURIY PETROVYCH;Truati
Cocaine;Michael Ruby Remix;UACT10900199;Aquabeat feat. Rey-Na;KORETNYUK YURIY PETROVYCH;Michael Ruby
Cocaine;Vein Litterback Remix;UACT10900200;Aquabeat feat. Rey-Na;KORETNYUK YURIY PETROVYCH;Vein Litterback
Cocaine;Vein Litterback Radio Edit;UACT10900201;Aquabeat feat. Rey-Na;KORETNYUK YURIY PETROVYCH;Vein Litterback
People In The House;DJ Small Com Mix Edit;UACT10700118;Marcello Mineo;MINEO MARCELLO;DJ Small
Coming Hard;Original Mix;UACT10700103;Sambooca;KOROVIN OLEG  OLEGOVYCH | DROZDOVROMAN  VLADIMIROVYCH;
Golden;Original Mix;UACT10800090;Aquabeat;ZHIRNOV MAKSIM ALEKSANDROVYCH | DOSCHINSKIY MAKSIM VIKTOROVYCH;
Sky Rose;Original Mix;UACT10900195;Daniel Ost;BOGDABOV NIKITA;
Wakes On The Air;Original Mix;UACT10700126;Deb;LAFORGE VITO;
People In The House;Original Mix;UACT10700091;Marcello Mineo;MINEO MARCELLO;
Escape Plan;Original Mix;UACT10900202;Kotov & Andre Wilde;ROMANKO ANATOLIY;
Rad Day;Original Mix;UACT10900203;Actifish;GORNICHEV YURIY YUREVYCH;
Light Flight;Original Mix;UACT10800064;Sergio Mega;LAZAREV SERGIY GEORGIEVYCH;
Altered States;Remix;UACT10900204;Dunaewsky 69;GLADUN ALEKSANDR IVANOVYCH;
Wind Talking;Original Mix;UACT10800094;Tka4;TKACH VASYL VIKTOROVYCH;
Feel So Deep;Original Mix;UACT10700141;Ikiro;KRASNOSHTAN SERGEY ANATOLIEVYCH;
Stereoland;Club Mix;UACT10800062;Sergio Mega;LAZAREV SERGIY GEORGIEVYCH;
Stereoland;Kotov & Andre Wilde Remix;UACT10900205;Sergio Mega;LAZAREV SERGIY GEORGIEVYCH;Kotov | Andre Wilde
Stereoland;Andi Vax Remix;UACT10900206;Sergio Mega;LAZAREV SERGIY GEORGIEVYCH;Andi Vax
Stereoland;Daniel Ost Remix;UACT10900207;Sergio Mega;LAZAREV SERGIY GEORGIEVYCH;Daniel Ost
Stereoland;Radio Mix;UACT10900208;Sergio Mega;LAZAREV SERGIY GEORGIEVYCH;
You;Instrumental Mix;UACT10800061;Sergio Mega;KRASNOSHTAN SERGEY ANATOLIEVYCH;
Eraser;Original Mix;UACT10800065;Sergio Mega;LAZAREV SERGIY GEORGIEVYCH;
System One;Album Outro Version;UACT10900209;Sergio Mega;LAZAREV SERGIY GEORGIEVYCH;
Star Path;Original Mix;UACT10800056;Futura Partitura;MOSKALENKO IVAN OLEXANDROVYCH;
KosMarLunaPark;Original Mix;UACT10700130;Dunaewsky 69;GLADUN ALEKSANDR IVANOVYCH;
April Jam;Live Mix;UACT10700115;Dan Brain;MOZGOVOY DENIS;
Relax After Faxx;Original Mix;UACT10800055;Ikiro;KRASNOSHTAN SERGEY ANATOLIEVYCH;
Elephant Hunt;Original Mix;UACT10900210;Kotov & Andre Wilde;ROMANKO ANATOLIY;
Adrenaline;Original Mix;UACT10900211;Aquabeat;ZHIRNOV MAKSIM ALEKSANDROVYCH | DOSCHINSKIY MAKSIM VIKTOROVYCH;
Psichoholic;Original Mix;UACT10900212;Ikiro;KRASNOSHTAN SERGEY ANATOLIEVYCH;
Control Of Emotions;Original Mix;UACT10900213;Aquabeat;ZHIRNOV MAKSIM ALEKSANDROVYCH | DOSCHINSKIY MAKSIM VIKTOROVYCH;
Magma;Original Mix;UACT10900214;Aquabeat;ZHIRNOV MAKSIM ALEKSANDROVYCH | DOSCHINSKIY MAKSIM VIKTOROVYCH;
Announcement;Original Mix;UACT10900215;D'mond;DRUMMOND JOSE;
Announcement;Cyan Malkavian Minimal Step Remix;UACT10900216;D'mond;DRUMMOND JOSE;Cyan Malkavian
Announcement;Den Pleasure Remix;UACT10900217;D'mond;DRUMMOND JOSE;Den Pleasure
Announcement;Ekspert Remix;UACT10900218;D'mond;DRUMMOND JOSE;Ekspert
Announcement;DJ Fly Remix;UACT10900219;D'mond;DRUMMOND JOSE;DJ Fly
Ze Ozer Vang;Original Mix;UACT10900220;Kotov & Andre Wilde;ROMANKO ANATOLIY;
Ze Ozer Vang;Sergio Mega Remix;UACT10900221;Kotov & Andre Wilde;ROMANKO ANATOLIY;Sergio Mega
Ze Ozer Vang;Anthony Attalla Remix;UACT10900222;Kotov & Andre Wilde;ROMANKO ANATOLIY;Anthony Attalla
Black Sea;Original Mix;UACT10900223;Actifish;GORNICHEV YURIY YUREVYCH;
Algat;Club Mix;UACT10900224;Lamineylf;GLADUN ALEKSANDR IVANOVYCH;
Dead Eyes;Original Mix;UACT10900225;Crime Project;KOZIR ALEKSANDR VASILYEVYCH;
Head Shot;Original Mix;UACT10900226;Roman Sweet;BROVKIN ROMAN ROMANOVYCH;
Without You;Original Mix;UACT10900227;Ikiro;KRASNOSHTAN SERGEY ANATOLIEVYCH;
Without You;Daniel Ost Remix;UACT10900228;Ikiro;KRASNOSHTAN SERGEY ANATOLIEVYCH;Daniel Ost
Without You;Vocal Mix;UACT10900229;Ikiro;KRASNOSHTAN SERGEY ANATOLIEVYCH;
Without You;Remix;UACT10900230;Ikiro;KRASNOSHTAN SERGEY ANATOLIEVYCH;
Toockietoo;Original Mix;UACT10900231;Cyan Malkavian;KYSIK ALEKSANDR;
Head Shot;Crime Project Remix;UACT10900232;Roman Sweet;BROVKIN ROMAN ROMANOVYCH;Crime Project
Candle;Original Mix;UACT10900233;DJ Justy;PLYUTA GENNADY;
Slow Love;Original Mix;UACT10900234;Actifish;GORNICHEV YURIY YUREVYCH;
Slow Love;Aquabeat Remix;UACT10900235;Actifish;GORNICHEV YURIY YUREVYCH;Aquabeat
Slow Love;Steptime Remix;UACT10900236;Actifish;GORNICHEV YURIY YUREVYCH;Steptime
Nakamota;Original Mix;UACT10900237;DJ Kasa Remixoff;KASAP VADIM VLADIMIROVYCH;
Revolution;Original Mix;UACT10900238;Yan Oxygen;KOLOMOETS ANDREY NIKOLAEVYCH;
Mummy Of The Mysterious Pyramid;Original Mix;UACT10900239;Alex Voltman;CHISTYAKOV ALEXANDR VIKTOROVYCH;
Spring Rush;Original Mix;UACT10900240;Fimas;BORINETS ALEXEY VASILEVYCH;
At Night;Radio Edit;UACT10900241;Sergio Mega feat. Seva Solncev;LAZAREV SERGIY GEORGIEVYCH | SOLNCEV VSEVOLOD EVGENEVYCH;
At Night;A.Gorchitza Radio Mix;UACT10900242;Sergio Mega feat. Seva Solncev;LAZAREV SERGIY GEORGIEVYCH | SOLNCEV VSEVOLOD EVGENEVYCH;A. Gorchitza
At Night;A. Gorchitza Remix;UACT10900243;Sergio Mega feat. Seva Solncev;LAZAREV SERGIY GEORGIEVYCH | SOLNCEV VSEVOLOD EVGENEVYCH;A. Gorchitza
At Night;Tina Valen Dub;UACT10900244;Sergio Mega feat. Seva Solncev;LAZAREV SERGIY GEORGIEVYCH | SOLNCEV VSEVOLOD EVGENEVYCH;Tina Valen
At Night;Tina Valen Radio Mix;UACT10900245;Sergio Mega feat. Seva Solncev;LAZAREV SERGIY GEORGIEVYCH | SOLNCEV VSEVOLOD EVGENEVYCH;Tina Valen
At Night;Tina Valen Remix;UACT10900246;Sergio Mega feat. Seva Solncev;LAZAREV SERGIY GEORGIEVYCH | SOLNCEV VSEVOLOD EVGENEVYCH;Tina Valen
At Night;Dub Mix;UACT10900247;Sergio Mega feat. Seva Solncev;LAZAREV SERGIY GEORGIEVYCH | SOLNCEV VSEVOLOD EVGENEVYCH;
At Night;Vocal Mix;UACT10900248;Sergio Mega feat. Seva Solncev;LAZAREV SERGIY GEORGIEVYCH | SOLNCEV VSEVOLOD EVGENEVYCH;
Some Like Cheese;Original Mix;UACT10900249;Roman Sweet;BROVKIN ROMAN ROMANOVYCH;
Rest In Brazil;Original Mix;UACT10900250;The Crime;KOZIR ALEKSANDR VASILYEVYCH;
Black Power;Original Mix;UACT10900251;Daniel Ost;BOGDABOV NIKITA;
Day Of Kiev;Original Mix;UACT10900252;QlectR;BELICK DMITRIY ALEKSANDROVYCH;
Degrees Square;Original Mix;UACT10900253;DJ Kasa Remixoff;KASAP VADIM VLADIMIROVYCH;
Fany;Original Mix;UACT10900254;Mantrique;MOSKALENKO MAXIM;
Dance & Shout;Original Mix;UACT10900255;Ekspert;MAKEEV NIKOLAY SERGEEVYCH;
Sorry I'm Late;Original Mix;UACT10900256;Fimas;BORINETS ALEXEY VASILEVYCH;
Burst Of The Brain;Original Mix;UACT10900264;Xsonatix feat. Steeller;CHERVONIY  EVGENIY;
No Dispute;Original Mix;UACT10900265;DJ Kasa Remixoff;KASAP VADIM VLADIMIROVYCH;
DXTenJazElectric;Original Mix;UACT10900266;Nano Device;ZAYCHENKO ANTON SERGEEVYCH;
Renaissance;Original Mix;UACT10900267;The Crime;KOZIR ALEKSANDR VASILYEVYCH;
Ride The Time;Original Mix;UACT10900268;Aquabeat feat. Rey-Na;ZHIRNOV MAKSIM ALEKSANDROVYCH | DOSCHINSKIY MAKSIM VIKTOROVYCH;
Ride The Time;Kotov & Andre Wilde Remix;UACT10900271;Aquabeat feat. Rey-Na;ZHIRNOV MAKSIM ALEKSANDROVYCH | DOSCHINSKIY MAKSIM VIKTOROVYCH;Kotov |  Andre Wilde
Ride The Time;Sergio Mega Remix;UACT10900269;Aquabeat feat. Rey-Na;ZHIRNOV MAKSIM ALEKSANDROVYCH | DOSCHINSKIY MAKSIM VIKTOROVYCH;Sergio Mega
Ride The Time;Truati Remix;UACT10900270;Aquabeat feat. Rey-Na;ZHIRNOV MAKSIM ALEKSANDROVYCH | DOSCHINSKIY MAKSIM VIKTOROVYCH;Truati
System Off;Original Mix;UACT10900257;Yan Oxygen;CHUB YAN OLEGOVYCH;
Micro Flora;Original Mix;UACT10900258;Roman Sweet;BROVKIN ROMAN ROMANOVYCH;
New Game;Original Mix;UACT10900259;QlectR;BELICK DMITRIY ALEKSANDROVYCH;
You Can Fuck Me;Right Kontrol Remix;UACT10900261;Den Pleasure feat. Sanya Starr;BULDANOV MAXIM;Right Kontrol
You Can Fuck Me;Matrick Remix;UACT10900262;Den Pleasure feat. Sanya Starr;BULDANOV MAXIM;MatricK
You Can Fuck Me;Babak Remix;UACT10900263;Den Pleasure feat. Sanya Starr;BULDANOV MAXIM;Babak
Stokebroke;Original Mix;UACT11000001;DJ Kasa Remixoff;KASAP VADIM VLADIMIROVYCH;
Primetime;Original Mix;UACT11000002;Roman Sweet;BROVKIN ROMAN ROMANOVYCH;
Optimistika;Original Mix;UACT11000003;Mantrique;MOSKALENKO MAXIM VIKTOROVYCH;
Ride The Time;Kotov & Andre Wilde Dub Mix;UACT11000004;Aquabeat feat. Rey-na;ZHIRNOV MAKSIM ALEKSANDROVYCH | DOSCHINSKIY MAKSIM VIKTOROVYCH;Kotov |  Andre Wilde
Ride The Time;Vein Litterback Remix;UACT11000005;Aquabeat feat. Rey-na;ZHIRNOV MAKSIM ALEKSANDROVYCH | DOSCHINSKIY MAKSIM VIKTOROVYCH;Vein Litterback
Ride The Time;Roman Sweet Remix;UACT11000006;Aquabeat feat. Rey-na;ZHIRNOV MAKSIM ALEKSANDROVYCH | DOSCHINSKIY MAKSIM VIKTOROVYCH;Roman Sweet
Ride The Time;The Crime Remix;UACT11000007;Aquabeat feat. Rey-na;ZHIRNOV MAKSIM ALEKSANDROVYCH | DOSCHINSKIY MAKSIM VIKTOROVYCH;The Crime
Ride The Time;Joal Remix;UACT11000008;Aquabeat feat. Rey-na;ZHIRNOV MAKSIM ALEKSANDROVYCH | DOSCHINSKIY MAKSIM VIKTOROVYCH;Joal
Mozaika;Original Mix;UACT11000009;Slackers Project;DIHTYARUK ROMAN GRIGORIEVYCH | DARCHIASHVILY DACHI;
Vitamin K;Original Mix;UACT11000010;Mantrique;MOSKALENKO MAXIM VIKTOROVYCH;
Paranoidal Man;Original Mix;UACT11000011;DJ Zim;GANICH KONSTANTIN IGOREVYCH;
Magnolia;Original Mix;UACT11000012;DJ Kasa Remixoff, Aleh Team;KASAP VADIM VLADIMIROVYCH;
Magnolia;Witness Remix;UACT11000013;DJ Kasa Remixoff, Aleh Team;KASAP VADIM VLADIMIROVYCH;Witness
Magnolia;Vita.Lis Remix;UACT11000014;DJ Kasa Remixoff, Aleh Team;KASAP VADIM VLADIMIROVYCH;Vita.Lis
Magnolia;Mikel Remix;UACT11000015;DJ Kasa Remixoff, Aleh Team;KASAP VADIM VLADIMIROVYCH;Mikel
This Is Work;Original Mix;UACT11000016;Dee Mares;CHALYI DMITRYI ANATOLIEVYCH;
Canada Dream;Original Mix;UACT11000017;Ruzhynski;RUZHYNSKI VYACHESLAV VLADIMIROVYCH;
Minitechnic;Original Mix;UACT11000018;Klaster;KOVTUN VITALIY VIKTOROVYCH;
Mad Man;Original Mix;UACT11000019;Fimas;BORINETS ALEXEY VASILEVYCH;
Do You Have Some;Original Mix;UACT11000020;Mantrique;MOSKALENKO MAXIM VIKTOROVYCH;
Funny Bubble;Original Mix;UACT11000021;Roman Sweet;BROVKIN ROMAN ROMANOVYCH;
At Night;Original Mix;UACT11000022;Roma Fresh presents N.A.K.;LAZAREV SERGIY GEORGIEVYCH | SOLNCEV VSEVOLOD EVGENEVYCH;
Gala;Original Mix;UACT11000023;Dee Mares;CHALYI DMITRYI ANATOLIEVYCH;
Turbo;Original Mix;UACT11000024;The Crime;KOZIR ALEKSANDR VASILYEVYCH;
City Of Mirrors;Original Mix;UACT11000025;Actifish;GORNICHEV YURIY YUREVYCH;
Morse Code;Original Mix;UACT11000026;Aquabeat;ZHIRNOV MAKSIM ALEKSANDROVYCH | DOSCHINSKIY MAKSIM VIKTOROVYCH;
Clashback;Original Mix;UACT11000027;Champignon;LAZAREV SERGIY GEORGIEVYCH;
To Be Happy;Dub Mix;UACT11000028;Sergio Mega feat. Storm Tarrion;LAZAREV SERGIY GEORGIEVYCH;
Lets Fly;Original Mix;UACT11000029;Dmitry Deep;YALOZA DMITRY;
Hayty;Original Mix;UACT11000030;DJ Kasa Remixoff;KASAP VADIM VLADIMIROVYCH;
Disco Rocker;Original Mix;UACT11000031;Slackers Project;DIHTYARUK ROMAN GRIGORIEVYCH | DARCHIASHVILY DACHI;
Unknown Science;Original Mix;UACT11000032;Yan Oxygen;CHUB YAN OLEGOVYCH;
Strawberry;Original Mix;UACT11000033;Roman Sweet;BROVKIN ROMAN ROMANOVYCH;
Strawberry;Slackers Project Remix;UACT11000034;Roman Sweet;BROVKIN ROMAN ROMANOVYCH;Slackers Project
Strawberry;Kasa Remixoff Edit;UACT11000035;Roman Sweet;BROVKIN ROMAN ROMANOVYCH;DJ Kasa Remixoff
Strawberry;Tim Remix;UACT11000036;Roman Sweet;BROVKIN ROMAN ROMANOVYCH;TIM
Endless Way;Original Mix;UACT11000037;Yan Oxygen;CHUB YAN OLEGOVYCH;
Endless Way;Sergio Mega Remix;UACT11000038;Yan Oxygen;CHUB YAN OLEGOVYCH;Sergio Mega
Endless Way;Aquabeat Remix;UACT11000039;Yan Oxygen;CHUB YAN OLEGOVYCH;Aquabeat
Endless Way;E-Spectro Remix;UACT11000040;Yan Oxygen;CHUB YAN OLEGOVYCH;E-Spectro
She Loves The Rain;Original Mix;UACT11000041;Sergio Mega feat. Niels Von Geyer;LAZAREV SERGIY GEORGIEVYCH;
She Loves The Rain;Yan Oxygen Remix;UACT11000042;Sergio Mega feat. Niels Von Geyer;LAZAREV SERGIY GEORGIEVYCH;Yan Oxygen
She Loves The Rain;FIMAS Intence Remix;UACT11000043;Sergio Mega feat. Niels Von Geyer;LAZAREV SERGIY GEORGIEVYCH;Fimas
She Loves The Rain;Truati Remix;UACT11000044;Sergio Mega feat. Niels Von Geyer;LAZAREV SERGIY GEORGIEVYCH;Truati
She Loves The Rain;Original Radio Mix;UACT11000045;Sergio Mega feat. Niels Von Geyer;LAZAREV SERGIY GEORGIEVYCH;
She Loves The Rain;A.Gorchitza Remix;UACT11000046;Sergio Mega feat. Niels Von Geyer;LAZAREV SERGIY GEORGIEVYCH;A. Gorchitza
She Loves The Rain;A.Gorchitza Radio Mix;UACT11000047;Sergio Mega feat. Niels Von Geyer;LAZAREV SERGIY GEORGIEVYCH;A. Gorchitza
She Loves The Rain;Aquabeat Remix;UACT11000048;Sergio Mega feat. Niels Von Geyer;LAZAREV SERGIY GEORGIEVYCH;Aquabeat
She Loves The Rain;Ekspert Remix;UACT11000049;Sergio Mega feat. Niels Von Geyer;LAZAREV SERGIY GEORGIEVYCH;Ekspert
Raspberry;Original Mix;UACT11000050;Roman Sweet;BROVKIN ROMAN ROMANOVYCH;
Raspberry;Slackers Project Remix;UACT11000051;Roman Sweet;BROVKIN ROMAN ROMANOVYCH;Slackers Project
Raspberry;Kasa Remixoff Edit;UACT11000052;Roman Sweet;BROVKIN ROMAN ROMANOVYCH;DJ Kasa Remixoff
Raspberry;Tim Remix;UACT11000053;Roman Sweet;BROVKIN ROMAN ROMANOVYCH;TIM
Technology Of The Rest;Original Mix;UACT11000054;Bullshit Bingo;PLOTNIKOV ALEXANDER YURIEVYCH;
Baby Leave It;Original Mix;UACT11000055;Mantrique;MOSKALENKO MAXIM VIKTOROVYCH;
Amore;Original Mix;UACT11000056;Dee Mares;CHALYI DMITRYI ANATOLIEVYCH;
Cosmo Lady;Original Mix;UACT11000057;Ruzhynski;RUZHYNSKI VYACHESLAV VLADIMIROVYCH;
Let's Fly;Alexandr Zarva Remix;UACT11000058;Dmitry Deep;YALOZA DMITRIY SERGEEVYCH;Alexandr Zarva
A Sunset For Lo;Original Mix;UACT11000059;Cyan Malkavian;KYSIK ALEKSANDR;
After Party;Original Mix;UACT11000060;Lifeserzh;BOGDANOVS SERGEJS;
Fabrick;Original Mix;UACT11000061;San.Dy;EMINOV EMIL RUSTEMOVYCH;
Back Time;Original Mix;UACT11000062;M.I.D.I.;LAFORGE VITO;
Back Time;Klaster Remix;UACT11000063;M.I.D.I.;LAFORGE VITO;Klaster
Back Time;Klaster Bong Remix;UACT11000064;M.I.D.I.;LAFORGE VITO;Klaster
Back Time;Sergio Mega Remix;UACT11000065;M.I.D.I.;LAFORGE VITO;Sergio Mega
Back Time;Slackers Project Remix;UACT11000066;M.I.D.I.;LAFORGE VITO;Slackers Project
Back Time;Marsbeing Remix;UACT11000067;M.I.D.I.;LAFORGE VITO;Marsbeing
Back Time;Tarska Remix;UACT11000068;M.I.D.I.;LAFORGE VITO;Tarska
Was Fun;Original Mix;UACT11000069;M.I.D.I.;LAFORGE VITO;
Killing Sunset;Original Mix;UACT11000070;Tka4;TKACH VASYL VIKTOROVYCH;
Ambient Emotion;Original Mix;UACT11000071;San.Dy;EMINOV EMIL RUSTEMOVYCH;
Wind;Original Mix;UACT11000072;Loony Soul;DOVBISH YURIY  VASILEVYCH | SKIDAN ALEKSANDR PETROVYCH;
Anna's Sea;Original Mix;UACT11000073;Kirill Zverev;ZVEREV KIRILL IGOREVYCH;
Mallorca;Original Mix;UACT11000074;Bullshit Bingo;PLOTNIKOV ALEXANDER YURIEVYCH;
Ovine;Original Mix;UACT11000075;Artem Zest;ZHURBILA ARTSIOM ALEXEEVYCH;
Chaotic;Original Mix;UACT11000076;Gencha;MALINOVSKIY GENNADIY  SERGEEVYCH;
Insomnia;Original Mix;UACT11000077;Nickato;KUYDA IVAN VLADIMIROVYCH | KAKHNICH NICKOLAY NICKOLAEVYCH;
Guarana (I Wanna Be Free);Original Mix;UACT11000078;Dee Mares;CHALYI DMITRYI ANATOLIEVYCH;
My Bloody Valentine;Original Mix;UACT11000079;The Crime;KOZIR ALEKSANDR VASILYEVYCH;
Mr TV;Original Mix;UACT11000080;Actifish;GORNICHEV YURIY YUREVYCH;
One One;Original Mix;UACT11000081;Klaster;KOVTUN VITALIY VIKTOROVYCH;
Stay;Original Mix;UACT11000082;Yan Oxygen;CHUB YAN OLEGOVYCH;
Stay;E-Spectro Remix;UACT11000083;Yan Oxygen;CHUB YAN OLEGOVYCH;E-Spectro
Stay;Dirty Player Remix;UACT11000084;Yan Oxygen;CHUB YAN OLEGOVYCH;Dirty Player
Stay;Roman Sweet Remix;UACT11000085;Yan Oxygen;CHUB YAN OLEGOVYCH;Roman Sweet
Stay;Lifeserzh & AlienADance Remix;UACT11000086;Yan Oxygen;CHUB YAN OLEGOVYCH;Lifeserzh | AlienADance
Antiproton;Original Mix;UACT11000087;Nick Zero;PISCITELLI NICOLA;
Freedom Back;Original Mix;UACT11000088;Nick Zero;PISCITELLI NICOLA;
Yam Yam;Original Mix;UACT11000089;Slackers Project;DIHTYARUK ROMAN GRIGORIEVYCH | DARCHIASHVILY DACHI;
Rhythm Me;Original Mix;UACT11000090;Finger Fit;RYMAR TARAS GRIGOREVYCH;
Last Cocaine;Original Mix;UACT11000091;San.Dy;EMINOV EMIL RUSTEMOVYCH;
Pulse;Original Mix;UACT11000092;Zeon;BURKA RUSLAN ANATOLEVYCH;
Rhythm Of My Heart;Original Mix;UACT11000093;Mantrique;MOSKALENKO MAXIM VIKTOROVYCH;
Rhythm Of My Heart;Dan & Hell Spirit Remix;UACT11000094;Mantrique;MOSKALENKO MAXIM VIKTOROVYCH;Dan & Hell
Rhythm Of My Heart;Nano Device Remix;UACT11000095;Mantrique;MOSKALENKO MAXIM VIKTOROVYCH;Nano Device
Rhythm Of My Heart;Loud George Remix;UACT11000096;Mantrique;MOSKALENKO MAXIM VIKTOROVYCH;Loud George
To Catch The Last Train;Original Mix;UACT11000097;Sergio Mega;LAZAREV SERGIY GEORGIEVYCH;
To Catch The Last Train;Aquabeat Remix;UACT11000098;Sergio Mega;LAZAREV SERGIY GEORGIEVYCH;Aquabeat
To Catch The Last Train;Roman Sweet Remix;UACT11000099;Sergio Mega;LAZAREV SERGIY GEORGIEVYCH;Roman Sweet
To Catch The Last Train;Slackers Project Remix;UACT11000100;Sergio Mega;LAZAREV SERGIY GEORGIEVYCH;Slackers Project
Nature;Original Mix;UACT11000101;Slackers Project;DIHTYARUK ROMAN GRIGORIEVYCH | DARCHIASHVILY DACHI;
Navigator;Original Mix;UACT11000102;Aparatex;MARINETS IVAN IVANOVYCH;
Stage;Original Mix;UACT11000103;Klaster;GONCHARENKO NIKITA SERGEEVYCH;
Red Motor;Original Mix;UACT11000104;San.Dy;EMINOV EMIL RUSTEMOVYCH;
Mind Games;Original Mix;UACT11000105;Slackers Project;DIHTYARUK ROMAN GRIGORIEVYCH | DARCHIASHVILY DACHI;
Mind Games;Richhouse Remix;UACT11000106;Slackers Project;DIHTYARUK ROMAN GRIGORIEVYCH | DARCHIASHVILY DACHI;Richhouse
Stay;Original Radio Mix;UACT11000107;Yan Oxygen;CHUB YAN OLEGOVYCH;
Stay;Lifeserzh Remix;UACT11000108;Yan Oxygen;CHUB YAN OLEGOVYCH;Lifeserzh
Stay;Slackers Project Remix;UACT11000109;Yan Oxygen;CHUB YAN OLEGOVYCH;Slackers Project
Unknown World;Original Mix;UACT11000114;Romano & Ruzhynski;RUZHYNSKI VYACHESLAV VLADIMIROVYCH;
Unknown World;Kasey Remix;UACT11000115;Romano & Ruzhynski;RUZHYNSKI VYACHESLAV VLADIMIROVYCH;
Unknown World;Egoism Remix;UACT11000116;Romano & Ruzhynski;RUZHYNSKI VYACHESLAV VLADIMIROVYCH;Egoism
Unknown World;Andrey Tristen Remix;UACT11000117;Romano & Ruzhynski;RUZHYNSKI VYACHESLAV VLADIMIROVYCH;Andrey Tristen
Unknown World;Nc Project & Puncher Remix;UACT11000118;Romano & Ruzhynski;RUZHYNSKI VYACHESLAV VLADIMIROVYCH;Puncher |  NC Project
Beauty;Original Mix;UACT11000119;Fimas;BORINETS ALEXEY VASILEVYCH;
Toys Trombone;Original Mix;UACT11000120;Dauphin;STOURTON THOMAS EDWARD ALEXANDER | LOWES WILLIAM PETER HUGH;
20th;Original Mix;UACT11000121;Paul Funkee;GORBACHEV PAVEL;
Parcour;Original Mix;UACT11000122;Second Stage;DENIS OLEG TARASOVYCH | STOLYAR SERGEY IGOREVYCH;
Osa;Original Mix;UACT11000123;Nickato;KAKHNICH NICKOLAY NICKOLAEVYCH;
Real Nubes;Original Mix;UACT11000124;Bullshit Bingo;PLOTNIKOV ALEXANDER YURIEVYCH;
Kataklizm;Original Mix;UACT11000125;Slackers Project;DIHTYARUK ROMAN GRIGORIEVYCH | DARCHIASHVILY DACHI;
Reise;Original Mix;UACT11000126;Zukunftstraume;MARSH ALEXANDER ALEXANDROVYCH;
Plastic Toys;Nick Zero Remix;UACT10800156;Deb feat. MC Yug;LAFORGE VITO;Nick Zero
Sorry I'm Late;Original Mix;UACT10900256;Fimas;BORINETS ALEXEY VASILEVYCH;
Jump;Nathan Barato Anti Vox Remix;UACT10800088;Kotov & Andre Wilde;ROMANKO ANATOLIY;Nathan Barato
Ze Ozer Vang;Anthony Attalla Remix;UACT10900222;Kotov & Andre Wilde;ROMANKO ANATOLIY;Anthony Attalla
She Loves The Rain;Yan Oxygen Remix;UACT11000042;Sergio Mega feat. Niels Von Geyer;LAZAREV SERGIY GEORGIEVYCH;Yan Oxygen
Infected;Original Mix;UACT10700077;Sergio Mega;LAZAREV SERGIY GEORGIEVYCH;
Be Yourself;M.I.D.I. Phobia Mix;UACT10700121;Sergio Mega & Storm Tarrion;LAZAREV SERGIY GEORGIEVYCH;M.I.D.I.
Disco Rocker;Original Mix;UACT11000031;Slackers Project;DIHTYARUK ROMAN GRIGORIEVYCH | DARCHIASHVILY DACHI;
Revolution;Original Mix;UACT10900238;Yan Oxygen;KOLOMOETS ANDREY NIKOLAEVYCH;
System Off;Original Mix;UACT10900257;Yan Oxygen;CHUB YAN OLEGOVYCH;
Earth 2160;Original Mix;UACT11000127;Aquabeat & Yan Oxygen;CHUB YAN OLEGOVYCH | ZHIRNOV MAKSIM ALEKSANDROVYCH | DOSCHINSKIY MAKSIM VIKTOROVYCH;
Earth 2160;Juann DDD Fucking Remix;UACT11000128;Aquabeat & Yan Oxygen;CHUB YAN OLEGOVYCH | ZHIRNOV MAKSIM ALEKSANDROVYCH | DOSCHINSKIY MAKSIM VIKTOROVYCH;Juan Ddd
Earth 2160;Mantrique Remix;UACT11000129;Aquabeat & Yan Oxygen;CHUB YAN OLEGOVYCH | ZHIRNOV MAKSIM ALEKSANDROVYCH | DOSCHINSKIY MAKSIM VIKTOROVYCH;Mantrique
Ride The Time;Sergio Mega Remix;UACT10900269;Aquabeat feat. Rey-Na;ZHIRNOV MAKSIM ALEKSANDROVYCH | DOSCHINSKIY MAKSIM VIKTOROVYCH;Sergio Mega
Cocaine;Truati Remix;UACT10900198;Aquabeat feat. Rey-Na;KORETNYUK YURIY PETROVYCH;Truati
Cocaine;Vein Litterback Remix;UACT10900200;Aquabeat feat. Rey-Na;KORETNYUK YURIY PETROVYCH;Vein Litterback
Optimistika;Original Mix;UACT11000003;Mantrique;MOSKALENKO MAXIM VIKTOROVYCH;
Dance Not Over;DJ Lion Remix;UACT10700085;Sergio Mega feat. Niels Von Geyer;LAZAREV SERGIY GEORGIEVYCH;DJ Lion
She Loves The Rain;FIMAS Intence Remix;UACT11000043;Sergio Mega feat. Niels Von Geyer;LAZAREV SERGIY GEORGIEVYCH;Fimas
Endless Way;Original Mix;UACT11000037;Yan Oxygen;CHUB YAN OLEGOVYCH;
Violation;Original Mix;UACT11100001;Bockscar;POKATASHKIN IGOR OLEGOVYCH;
First Attempt;Original Mix;UACT11100002;Bockscar;POKATASHKIN IGOR OLEGOVYCH;
System Off;Bockscar Remix;UACT11100003;Yan Oxygen;CHUB YAN OLEGOVYCH;Bockscar
Adrenalin;Original Mix;UACT11100004;Amarilyo;ZHELTENKO ALEXANDER SERGEEVYCH;
Black Diva;Original Mix;UACT11100005;Andrew Stets;STETSENKO ANDREI ANATOLYEVYCH;
The Night Of A House Music;Original Mix;UACT11100006;CJ Dmitry Kremlevsky;DZIGUNOV DMITRY VALERIEVYCH;
Electro Dance Theme;Original Mix;UACT11100007;Daniel Fox;NIKOLAENKO DANIL OLEGOVYCH;
Summer;Club Mix;UACT11100008;Day&Night DeeJays;NOVAK YURIY GRIGORIYEVYCH;
Go Down;Original Mix;UACT11100009;Draflow;DEROV IGOR EVGENYEVYCH;
Tetris;Original Mix;UACT11100010;Frozen;SHPAKOV NIKOLAY ALEKSANDROVYCH;
Rubber Waterproof;Original Mix;UACT11100011;Good Chemistry;VEDMIDSKIY ILYA SERGEEVYCH;
Fly;Original Mix;UACT11100012;Igor Graphite;BOBONICH IGOR NIKOLAEVYCH | SAKHNO YURIY VLADIMIROVYCH;
Symbolical Day;Original Mix;UACT11100013;QlectR;BELICK DMITRIY ALEKSANDROVYCH;
Electro Dance;Original Mix;UACT11100014;Serg Barrakuda;KUTYA SERGEY VASILYEVYCH;
Circle;Original Mix;UACT11100015;Big&Little;BELOGOROKHOV VITALIY IGOREVYCH | STARODUB DMITRIY VLADIMIROVYCH;
Gray Clouds;Original Mix;UACT11100016;Claud;LIPSKY ANTON LEONIDOVYCH;
Make Your Choice;Original Mix;UACT11100017;El Mariachi;GNATCHENKO YAROSLAV IGOREVYCH;
Fresh Line;Original Mix;UACT11100018;Frozen;SHPAKOV NIKOLAY ALEKSANDROVYCH;
My Dream;Original Mix;UACT11100019;Jaroslaw;KONONYKHIN YAROSLAV YURYEVYCH | ZHURBA ROMAN NIKOLAEVYCH;
Moonlight Persistence;Original Mix;UACT11100020;Jin Haze;BATUSHAN GLEB YURYEVYCH;
La Vita Non E Giusto;Original Mix;UACT11100021;DJ Kasa Remixoff;KASAP VADIM VLADIMIROVYCH;
Homeopathy;Original Mix;UACT11100022;Roman Sweet;BROVKIN ROMAN ROMANOVYCH;
Selium;Original Mix;UACT11100023;Subkodek;KORSHUNOV VALERIY YURYEVYCH;
Desperate;Original Mix;UACT11100024;The Crime;KOZIR ALEKSANDR VASILYEVYCH;
Morse Code;Original Mix;UACT11000026;Aquabeat;ZHIRNOV MAKSIM ALEKSANDROVYCH | DOSCHINSKIY MAKSIM VIKTOROVYCH;
Mallorca;Original Mix;UACT11000074;Bullshit Bingo;PLOTNIKOV ALEXANDER YURIEVYCH;
Mini Human Beings;Original Mix;UACT10800177;Kotov & Andre Wilde;ROMANKO ANATOLIY;
Back Time;Slackers Project Remix;UACT11000066;M.I.D.I.;LAFORGE VITO;Slackers Project
Insomnia;Sergio Mega Remix;UACT10700151;Shiz;KUYDA IVAN VLADIMIROVYCH | KAKHNICH NICKOLAY NICKOLAEVYCH;Sergio Mega
Unknown Science;Original Mix;UACT11000032;Yan Oxygen;CHUB YAN OLEGOVYCH;
Dangerous Business (Battlefront);Original Mix;UACT11100025;Amarilyo;ZHELTENKO ALEXANDER SERGEEVYCH;
Asteroid;Original Mix;UACT11100026;DJ Teplohod;IVASHCHENKO VITALIY ANATOLYEVYCH;
Noor-&-Dasht;Original Mix;UACT11100027;Gaspra;GONCHARENKO DENIS ANATOLYEVYCH;
Air (V.2);Original Mix;UACT11100028;Kadasarva;VOLKOV ALEKSEY YURYEVYCH;
Great Time;Complicated Feeling Mix;UACT11100029;Marc Atmost;KITSENKO MARYAN ANATOLYEVYCH;
Nanotech;Original Mix;UACT11100030;Masta Black Fk;CHERNYY VLADISLAV ALEKSANDROVYCH;
Hooligan Without Gun;Original Mix;UACT11100031;Psychoshine;VERETINSKIY ANDREY SERGEEVYCH;
Your Turn To Be Afraid;Original Mix;UACT11100089;Denny Raff;TREYTYAK DENIS VLADIMIROVYCH;
Poisonous;Original Mix;UACT11100032;Andrew Stets;STETSENKO ANDREI ANATOLYEVYCH;
753;Original Mix;UACT11100033;BrainNebula;KUMANIKIN VALERIY GENNADIEVYCH;
Molecule;Original Mix;UACT11100034;CJ Dmitry Kremlevsky;DZIGUNOV DMITRY VALERIEVYCH;
Steel Back;Original Mix;UACT11100035;DJ Stanislaw;KISIL STANISLAV VLADIMIROVYCH;
Nick Of Time;Original Mix;UACT11100036;Dmitry Deep;YALOZA DMITRIY SERGEEVYCH;
Scud;Original Mix;UACT11100037;Fever Tunes & Slackers Project;AVRAMENKO EVGENY NIKOLAEVYCH;
Daft Woodwind;Original Mix;UACT11100038;Hypnotriod;PIKIN ILYA VYACHESLAVOVYCH;
Shine On;Original Mix;UACT11100039;Mehilove;MIKHAYLOV YURIY  ANATOLYEVYCH;
Quasar;Original Mix;UACT11100040;Ruzhynski;LYZHOV ARTUR EVGENEVYCH;
Remote Control;Original Mix;UACT11100041;The Crime;KOZIR ALEKSANDR VASILYEVYCH;
Plus Minus;Original Mix;UACT11100042;Vea Taran;KOZIR ALEKSANDR ANATOLYEVYCH;
Kayama;Original Mix;UACT11100043;Vigil Coma;ANDREYCHUK SERGEY VASILYEVYCH;
Spiritual Assembler;Original Mix;UACT11100044;Cafe Chaika;KRASYUK DMITRIY ALEKSANDROVYCH;
Equilibrium;Original Mix;UACT11100045;DaGro;GROMOVA DARYA VLADIMIROVNA;
Heritage Of Humanity;Original Mix;UACT11100046;DJ KoT;KOTOV  YAKOV ALEKSANDROVYCH;
I Am Kazantip;Original Mix;UACT11100047;DJ Shveymax;SHVEYNOV MAKSIM VLADIMIROVYCH;
Textura;Original Dub Mix;UACT11100048;Ikiro;KRASNOSHTAN SERGEY ANATOLIEVYCH;
With Love;Original Mix;UACT11100049;Ixidor;SMOLIN IGOR SERGEEVYCH;
Cosmic Voyage;Original Mix;UACT11100050;Magic Aquarius;KRIVOTSYUK VIKTOR VLADIMIROVYCH;
$69;Original Mix;UACT11100051;Masta Black Fk;CHERNYY VLADISLAV ALEKSANDROVYCH;
I Want You Back;Original Mix;UACT11100052;Andy Fox;TANTSIURA YURII VLADIMIROVYCH;
Woooow;Original Mix;UACT11100053;Aquabeat;ZHIRNOV MAKSIM ALEKSANDROVYCH | DOSCHINSKIY MAKSIM VIKTOROVYCH;
Jamal;Intro Mix;UACT11100054;Artur Grek;RESHETILO ARTEM PAVLOVYCH;
En Automne;Original Mix;UACT11100055;Day&Night DeeJays;BUDYUROV KIRILL GENNADYEVYCH;
Electronic Freaks;Original Mix;UACT11100056;El Mariachi;GNATCHENKO YAROSLAV IGOREVYCH;
Megadeep;Original Mix;UACT11100057;Evropav;BERUNENKO GLEB  YURYEVYCH;
Infinity;Original Mix;UACT11100058;Flegmatix Project;VOLOSHIN STANISLAV ALEKSANDROVYCH | KOLESNIKOV STANISLAV ALEKSANDROVYCH | POLIAKOV DENIS VALENTINOVYCH;
Third;Original Mix;UACT11100059;JTunes;VASILENKO KONSTANTIN;
Deep Depth;Original Mix;UACT11100060;Komplektov;KOMPLEKTOV SERGEY NICKOLAEVYCH;
Spin The Records;Happy Funky Original Mix;UACT11100061;Stanislav Kaligula;MAKSIMENKO STANISLAV EVGENYEVYCH;
Viva;Extended Mix;UACT11100062;Yan Oxygen;CHUB YAN OLEGOVYCH;
All Will Pass;Original Mix;UACT11100063;Atom;SURKOV SERGEY KONSTANTINOVYCH;
Deadly Shadows;Original Mix;UACT11100064;DJ KoT;KOTOV YAKOV ALEKSANDROVYCH | KOTOV YAKOV ALEXANDROVYCH;
Sancti Spiritus;Original Mix;UACT11100065;Gaspra;GONCHARENKO DENIS ANATOLYEVYCH;
Tale Teller;Original Mix;UACT11100066;Hypnotriod;PIKIN ILYA VYACHESLAVOVYCH;
Alien Craft;Original Mix;UACT11100067;Kadasarva;VOLKOV ALEKSEY YURYEVYCH;
Outdoor;Original Mix;UACT11100068;Zymosis feat. Sphingida;ORLOVSKIY IGOR KONSTANTINOVYCH;
Deep;Alex Love Remix;UACT11100069;Alex Love;DYACHOK ALEKSEY SERGEEVYCH;Alex Love
The French Touch;Original Mix;UACT11100070;DJ KoT;KOTOV YAKOV ALEKSANDROVYCH;
Disco Beat;Original Mix;UACT11100071;Dub Makers;VOLOS ARSENIY YURYEVYCH;
Funky Riff;Original Mix;UACT11100072;El Mariachi;GNATCHENKO YAROSLAV IGOREVYCH;
Mr.Zee;Soul Full House Mix;UACT11100073;Ikiro;KRASNOSHTAN SERGEY ANATOLIEVYCH;
Coming;Original Mix;UACT11100074;Komplektov;KOMPLEKTOV SERGEY NIKOLAEVYCH;
Women's Emotions;Original Mix;UACT11100075;Rem-X;MIKHAYLENKO VIKTOR LEONIDOVYCH;
Happy Island;Disco Energy Mix;UACT11100076;Risepunk;BRASHOVETSKIY VADIM VIKTOROVYCH;
The Stage;Original Mix;UACT11100077;Rondeck;GONCHARENKO NIKITA SERGEEVYCH;
Rise;Original Mix;UACT11100078;Denis Sleptsov;SLEPTSOV DENIS ANDREEVYCH;
Psyfull One;Original Mix;UACT11100079;DJ Kazimiroff;KAZIMIROV KIRILL NIKOLAEVYCH;
Seabreeze;Original Mix;UACT11100080;DJ Teplohod;IVASHCHENKO VITALIY ANATOLYEVYCH;
Rrun Away;Original Mix;UACT11100081;Gaydalov feat. Vano3d;GAYDALOV IGOR;
Prog Epidemy;Original Mix;UACT11100082;Igor Graphite;BOBONICH IGOR NIKOLAEVYCH;
Blind Sun;Original Mix;UACT11100083;Jonathan Idea;DUMKA MAKSIM VADIMOVYCH;
...to Be Happy;Original Mix;UACT11100084;Sergey Novikov;NOVIKOV SERGEY ALEKSANDROVYCH;
Sun Factory;Original Mix;UACT11100085;The Destiny;MOVCHAN MIKHAIL YURYEVYCH;
Through Space!;Original Mix;UACT11100086;Vivid;KOCHKUROV VITALIY SERGEEVYCH;
Andromeda;Original Mix;UACT11100087;DJ KoT;KOTOV YAKOV ALEKSANDROVYCH | OVCHINNIKOV VYACHESLAV OLEGOVYCH;
Turn Around;Tech Mix;UACT11100088;DJ KoT feat. Nika Lenina;KOTOV YAKOV ALEKSANDROVYCH;
To Catch The Last Train;Klaster Remix;UACT11100090;Sergio Mega;LAZAREV SERGIY GEORGIEVYCH;Klaster
To Catch The Last Train;Dee Mares Remix;UACT11100091;Sergio Mega;LAZAREV SERGIY GEORGIEVYCH;Dee Mares
To Catch The Last Train;Yan Oxygen Remix;UACT11100092;Sergio Mega;LAZAREV SERGIY GEORGIEVYCH;Yan Oxygen
Shift;Original Mix;UACT11100093;Zukunftstraume;MARSH ALEXANDER ALEXANDROVYCH;
Pulsation;Original Mix;UACT11100094;Zukunftstraume;MARSH ALEXANDER ALEXANDROVYCH;
Compromise;Original Mix;UACT11100095;Zukunftstraume;MARSH ALEXANDER ALEXANDROVYCH;
May Be Tomorrow;Original Mix;UACT11100096;Zukunftstraume;MARSH ALEXANDER ALEXANDROVYCH;
Music Killed Me;Original Mix;UACT11100097;Xsonatix & Steeller;CHERVONIY EVGENIY ALEXANDROVYCH;
Music Killed Me;San.Dy Remix;UACT11100098;Xsonatix & Steeller;CHERVONIY EVGENIY ALEXANDROVYCH;San.Dy
Music Killed Me;Day&Night DeeJays Remix;UACT11100099;Xsonatix & Steeller;CHERVONIY EVGENIY ALEXANDROVYCH;Day&Night DeeJays
Inside Of Me;Original Mix;UACT11100100;X-Tropic;AZARENKOV OLEG ANATOLEVYCH;
Taste Of The East;Original Mix;UACT11100101;X-Tropic;AZARENKOV OLEG ANATOLEVYCH;
Snake;Original Mix;UACT11100110;Roman Sweet;BROVKIN ROMAN ROMANOVYCH;
Estilo Africano;Original Mix;UACT11100111;Bullshit Bingo;PLOTNIKOV ALEXANDER YURIEVYCH;
Madness;Original Mix;UACT11100113;Bockscar;POKATASHKIN IGOR OLEGOVYCH;
Inception;Original Mix;UACT11100114;Aquabeat;ZHIRNOV MAKSIM ALEKSANDROVYCH | DOSCHINSKIY MAKSIM VIKTOROVYCH;
Inception;Gaga Remix;UACT11100115;Aquabeat;ZHIRNOV MAKSIM ALEKSANDROVYCH | DOSCHINSKIY MAKSIM VIKTOROVYCH;Gaga
Inception;Dani Sbert Remix;UACT11100116;Aquabeat;ZHIRNOV MAKSIM ALEKSANDROVYCH | DOSCHINSKIY MAKSIM VIKTOROVYCH;Dani Sbert
Inception;Tom Zenith Remix;UACT11100117;Aquabeat;ZHIRNOV MAKSIM ALEKSANDROVYCH | DOSCHINSKIY MAKSIM VIKTOROVYCH;Tom Zenith
Inception;Francesco Doni Remix;UACT11100118;Aquabeat;ZHIRNOV MAKSIM ALEKSANDROVYCH | DOSCHINSKIY MAKSIM VIKTOROVYCH;Francesco Doni
Stick;Original Mix;UACT11100102;DJ Kasa Remixoff;KASAP VADIM VLADIMIROVYCH;
Outdoor Games;Original Mix;UACT11100103;DJ Kasa Remixoff;KASAP VADIM VLADIMIROVYCH;
Influenza Part 2;Original Mix;UACT11100104;DJ Kasa Remixoff;KASAP VADIM VLADIMIROVYCH;
Morning In Kiev 5 AM;Original Mix;UACT11100105;DJ Kasa Remixoff & Lady Crime;KASAP VADIM VLADIMIROVYCH;
You Diamond Love;Original Mix;UACT11100106;DJ Kasa Remixoff;KASAP VADIM VLADIMIROVYCH;
Piano's Wave;Original Mix;UACT11100107;DJ Kasa Remixoff;KASAP VADIM VLADIMIROVYCH;
Milk Of The Way;Original Mix;UACT11100108;DJ Kasa Remixoff;KASAP VADIM VLADIMIROVYCH;
Mega Tools;Original Mix;UACT11100109;DJ Kasa Remixoff & Migel Demigo;KASAP VADIM VLADIMIROVYCH;
Interference;Original Mix;UACT11100128;Alexander Fog;LESSIO IGOR;
Earth 2160;Basciu & Riccardo M Remix;UACT11000130;Aquabeat & Yan Oxygen;CHUB YAN OLEGOVYCH | ZHIRNOV MAKSIM ALEKSANDROVYCH | DOSCHINSKIY MAKSIM VIKTOROVYCH;Basciu |  Riccardo M
Abenteuertier;Original Mix;UACT11100129;Fallhead;LERNER RALPH;
Corners Of Mind;Original Mix;UACT11100130;Komplektov;KOMPLEKTOV SERGEY NICKOLAEVYCH;
Monte Carlo;Original Mix;UACT11100131;Roma Fresh presents N.A.K.;DROZDOV ROMAN VLADIMIROVYCH;
She Loves The Rain;Dub Mix;UACT11100132;Sergio Mega feat. Niels Von Geyer;LAZAREV SERGIY GEORGIEVYCH;
Spastic Sunday;Original Mix;UACT11100133;Alex Rampol;RAMELLA POLLONE ALESSANDRO;
Thumper;Original Mix;UACT11100134;Andrea Giuliani & Luca Rossetti;GIULIANI ANDREA | ROSSETTI LUCA;
Rum & Sambuca;Original Mix;UACT11100135;Aquabeat & Vein Litterback;ZHIRNOV MAKSIM ALEKSANDROVYCH | DOSCHINSKIY MAKSIM VIKTOROVYCH;
Tech Carnival;Original Mix;UACT11100136;Bullshit Bingo;PLOTNIKOV ALEXANDER YURIEVYCH;
Picasso;Original Mix;UACT11100137;Fallhead;LERNER RALPH;
Space;Original Mix;UACT11100138;Oleg Soul;BEZBORODOV OLEG YUREVYCH;
Train Through The Wormhole;Original Mix;UACT11100139;Sergio Mega;LAZAREV SERGIY GEORGIEVYCH;
New Wave;Original Mix;UACT11100140;Yan Oxygen;CHUB YAN OLEGOVYCH;
Change;Original Mix;UACT11100119;The Mind (Spain);TORRAS RODRIGUEZ JAVIER | CHUB YAN OLEGOVYCH;
Guajira;Original Mix;UACT11100120;The Mind (Spain);TORRAS RODRIGUEZ JAVIER;
Endless Way;Original Mix;UACT11000037;Yan Oxygen;CHUB YAN OLEGOVYCH;
Optimistika;Original Mix;UACT11000003;Mantrique;MOSKALENKO MAXIM VIKTOROVYCH;
Disco Rocker;Original Mix;UACT11000031;Slackers Project;DIHTYARUK ROMAN GRIGORIEVYCH | DARCHIASHVILY DACHI;
Unknown Science;Original Mix;UACT11000032;Yan Oxygen;CHUB YAN OLEGOVYCH;
She Loves The Rain;Yan Oxygen Remix;UACT11000042;Sergio Mega feat. Niels Von Geyer;LAZAREV SERGIY GEORGIEVYCH;Yan Oxygen
Ride The Time;Sergio Mega Remix;UACT10900269;Aquabeat feat. Rey-Na;ZHIRNOV MAKSIM ALEKSANDROVYCH | DOSCHINSKIY MAKSIM VIKTOROVYCH;Sergio Mega
Strawberry;Original Mix;UACT11000033;Roman Sweet;BROVKIN ROMAN ROMANOVYCH;
Ride The Time;Truati Remix;UACT10900270;Aquabeat feat. Rey-Na;ZHIRNOV MAKSIM ALEKSANDROVYCH | DOSCHINSKIY MAKSIM VIKTOROVYCH;Truati
Stay;Original Mix;UACT11000082;Yan Oxygen;CHUB YAN OLEGOVYCH;
Back Time;Slackers Project Remix;UACT11000066;M.I.D.I.;LAFORGE VITO;Slackers Project
Freedom Is Invisible;Original Mix;UACT11100124;Slackers Project;DARCHIASHVILY DACHI;
Zero Point;Original Mix;UACT11100125;Andrey Piston;GOLOVANYUK ANDREY SERGEEVYCH;
Randomizer;Original Mix;UACT11100126;Bockscar;POKATASHKIN IGOR OLEGOVYCH;
Scary;Original Mix;UACT11100127;Lifeserzh;BOGDANOVS SERGEJS;
Electro Dance Theme;Original Mix;UACT11100007;Daniel Fox;NIKOLAENKO DANIL OLEGOVYCH;
Disco Beat;Original Mix;UACT11100071;Dub Makers;VOLOS ARSENIY YURYEVYCH;
Jamal;Intro Mix;UACT11100054;Artur Grek;RESHETILO ARTEM PAVLOVYCH;
Black Diva;Original Mix;UACT11100005;Andrew Stets;STETSENKO ANDREI ANATOLYEVYCH;
Great Time;Complicated Feeling Mix;UACT11100029;Marc Atmost;KITSENKO MARYAN ANATOLYEVYCH;
Funky Riff;Original Mix;UACT11100072;El Mariachi;GNATCHENKO YAROSLAV IGOREVYCH;
Symbolical Day;Original Mix;UACT11100013;QlectR;BELICK DMITRIY ALEKSANDROVYCH;
Spin The Records;Happy Funky Original Mix;UACT11100061;Stanislav Kaligula;MAKSIMENKO STANISLAV EVGENYEVYCH;
Viva;Extended Mix;UACT11100062;Yan Oxygen;CHUB YAN OLEGOVYCH;
Homeopathy;Original Mix;UACT11100022;Roman Sweet;BROVKIN ROMAN ROMANOVYCH;
Women's Emotions;Original Mix;UACT11100075;Rem-X;MIKHAYLENKO VIKTOR LEONIDOVYCH;
Steam With The Rhythm;Original Mix;UACT11100121;Esmio;AKOPDZHANYAN KAREN ANDRANIKOVYCH | DIHTYARUK ROMAN GRIGORIEVYCH;
Steam With The Rhythm;Klaster Remix;UACT11100122;Esmio;AKOPDZHANYAN KAREN ANDRANIKOVYCH | DIHTYARUK ROMAN GRIGORIEVYCH;Klaster
Steam With The Rhythm;Slackers Project Remix;UACT11100123;Esmio;AKOPDZHANYAN KAREN ANDRANIKOVYCH | DIHTYARUK ROMAN GRIGORIEVYCH;Slackers Project
The Beats;Original Mix;UACT11100141;Slackers Project;DIHTYARUK ROMAN GRIGORIEVYCH | DARCHIASHVILY DACHI;
The Beats;Nebster Scary Remix;UACT11100142;Slackers Project;DIHTYARUK ROMAN GRIGORIEVYCH | DARCHIASHVILY DACHI;Nebster
The Beats;Emilijano Remix;UACT11100143;Slackers Project;DIHTYARUK ROMAN GRIGORIEVYCH | DARCHIASHVILY DACHI;Emilijano
The Beats;MicRoCheep & Mollo Remix;UACT11100144;Slackers Project;DIHTYARUK ROMAN GRIGORIEVYCH | DARCHIASHVILY DACHI;MicRoCheep | Mollo
The Beats;Humbek & Brymonty Remix;UACT11100145;Slackers Project;DIHTYARUK ROMAN GRIGORIEVYCH | DARCHIASHVILY DACHI;Brymonty | Humbek
As You Wish;Original Mix;UACT11100146;Fimas;BORINETS ALEXEY VASILEVYCH;
Sunday;Original Mix;UACT11100147;P.o.ison;ODNENKO ROSTISLAV ALEXANDROVYCH;
Trip To Deep;Original Mix;UACT11100148;Yura Ku;KUTELMAH YURIY OLEGOVYCH;
Rain;Original Mix;UACT11100149;Oleg Soul;POLIAKOV DENIS VALENTINOVYCH;
Way To West;Original Mix;UACT11100150;Klaster;KOVTUN VITALIY VIKTOROVYCH;
Way To West;Mikel Remix;UACT11100151;Klaster;KOVTUN VITALIY VIKTOROVYCH;Mikel
Way To West;ChumahoD Remix;UACT11100152;Klaster;KOVTUN VITALIY VIKTOROVYCH;Chumahod
Zina;Original Mix;UACT11100153;Artur Grek & Tim F.Resh;RESHETILO ARTEM PAVLOVYCH | GRUNIN ARTUR OLEGOVYCH;
Style B;Original Mix;UACT11100154;Artur Grek & Tim F.Resh;RESHETILO ARTEM PAVLOVYCH | GRUNIN ARTUR OLEGOVYCH;
Low Pass;Original Mix;UACT11100155;Artur Grek & Tim F.Resh;RESHETILO ARTEM PAVLOVYCH | GRUNIN ARTUR OLEGOVYCH;
Bubble Gum;Original Mix;UACT11100156;DJ Zim;GANICH KONSTANTIN IGOREVYCH;
Vitality;Original Mix;UACT11100157;Bockscar;POKATASHKIN IGOR OLEGOVYCH;
Paradise;Original Mix;UACT11100158;Roman Sweet;KRIVOTSYUK VIKTOR VLADIMIROVYCH;
Kontakt;Original Mix;UACT11100159;Slackers Project;DIHTYARUK ROMAN GRIGORIEVYCH | DARCHIASHVILY DACHI;
Stupid Scientist;Original Mix;UACT11100160;Fimas;BORINETS ALEXEY VASILEVYCH;
Stupid Scientist;Paul Begge Remix;UACT11100161;Fimas;BORINETS ALEXEY VASILEVYCH;Paul Begge
Stupid Scientist;Yan Oxygen Remix;UACT11100162;Fimas;BORINETS ALEXEY VASILEVYCH;Yan Oxygen
Stupid Scientist;Sergey Ulyanov Remix;UACT11100163;Fimas;BORINETS ALEXEY VASILEVYCH;Sergey Ulyanov
Jamal;Intro Mix;UACT11100054;Artur Grek;RESHETILO ARTEM PAVLOVYCH;
I Want You Back;Original Mix;UACT11100052;Andy Fox;TANTSIURA YURII VLADIMIROVYCH;
Disco Beat;Original Mix;UACT11100071;Dub Makers;VOLOS ARSENIY YURYEVYCH;
I'm Your Ecstasy;Zavoloka Remix;UACT10700084;Sergio Mega;LAZAREV SERGIY GEORGIEVYCH;Zavoloka
Inception;Gaga Remix;UACT11100115;Aquabeat;ZHIRNOV MAKSIM ALEKSANDROVYCH | DOSCHINSKIY MAKSIM VIKTOROVYCH;Gaga
The Beats;Emilijano Remix;UACT11100143;Slackers Project;DIHTYARUK ROMAN GRIGORIEVYCH | DARCHIASHVILY DACHI;Emilijano
Inception;Dani Sbert Remix;UACT11100116;Aquabeat;ZHIRNOV MAKSIM ALEKSANDROVYCH | DOSCHINSKIY MAKSIM VIKTOROVYCH;Dani Sbert
First Attempt;Original Mix;UACT11100002;Bockscar;POKATASHKIN IGOR OLEGOVYCH;
Earth 2160;Juann DDD Fucking Remix;UACT11000128;Aquabeat & Yan Oxygen;CHUB YAN OLEGOVYCH | ZHIRNOV MAKSIM ALEKSANDROVYCH | DOSCHINSKIY MAKSIM VIKTOROVYCH;Juan Ddd
System Off;Bockscar Remix;UACT11100003;Yan Oxygen;CHUB YAN OLEGOVYCH;Bockscar
Whisky;Original Mix;UACT11100164;Aquabeat;ZHIRNOV MAKSIM ALEKSANDROVYCH | DOSCHINSKIY MAKSIM VIKTOROVYCH;
Whisky;Louie Cut Remix;UACT11100165;Aquabeat;ZHIRNOV MAKSIM ALEKSANDROVYCH | DOSCHINSKIY MAKSIM VIKTOROVYCH;Louie Cut
Disco Ball;Original Mix;UACT11100166;Alexander Fog;LESSIO IGOR;
Disco Ball;Maxitronica Remix;UACT11100167;Alexander Fog;LESSIO IGOR;Maxitronica
Disco Ball;Roman Sweet Remix;UACT11100168;Alexander Fog;LESSIO IGOR;Roman Sweet
Disco Ball;Alberto Drago Remix;UACT11100169;Alexander Fog;LESSIO IGOR;Alberto Drago
Disco Ball;Artur Grek & Tim F.Resh Remix;UACT11100170;Alexander Fog;LESSIO IGOR;Artur Grek | Tim F.Resh
Tinajo;Original Mix;UACT11100171;Voltereto & Dr. Alfred;GUIJARRO JOSE ANTONIO | ALVAREZ  ALFREDO;
Tinajo;Nicolas Ojesto Remix;UACT11100172;Voltereto & Dr. Alfred;GUIJARRO JOSE ANTONIO | ALVAREZ  ALFREDO;Nicolas Ojesto
Tinajo;Darkroom Remix;UACT11100173;Voltereto & Dr. Alfred;GUIJARRO JOSE ANTONIO | ALVAREZ  ALFREDO;Darkroom
Tinajo;Massa & Dr. Alfred Remix;UACT11100174;Voltereto & Dr. Alfred;GUIJARRO JOSE ANTONIO | ALVAREZ  ALFREDO;Massa |  Dr. Alfred
Perfect Technique;Original Mix;UACT11100175;Zukunftstraume & JB General;MARSH ALEXANDER ALEXANDROVYCH;
Perfect Technique;Luis Noic Remix;UACT11100176;Zukunftstraume & JB General;MARSH ALEXANDER ALEXANDROVYCH;Luis Noic
Perfect Technique;Luigi Grecola Remix;UACT11100177;Zukunftstraume & JB General;MARSH ALEXANDER ALEXANDROVYCH;Luigi Grecola
Perfect Technique;David Temessi Remix;UACT11100178;Zukunftstraume & JB General;MARSH ALEXANDER ALEXANDROVYCH;David Temessi
One Flew Over;Original Mix;UACT11100179;Komplektov;KOMPLEKTOV SERGEY NICKOLAEVYCH;
Give You Pleasure;Original Mix;UACT11100180;Dima Leon4ik;KANUNNIKOV DMITRY MICKHAYLOVYCH;
Essou;Original Mix;UACT11100181;Kevin Budraitis;KANUNNIKOV DMITRY MICKHAYLOVYCH;
Tomorrow Day;Original Mix;UACT11100182;X-Tropic & Russel S.;AZARENKOV OLEG ANATOLEVYCH;
Long Way;Original Mix;UACT11100183;Klaster;KOVTUN VITALIY VIKTOROVYCH;
My Baby Is You;Original Mix;UACT11100184;To Hard-Zen;BUSHLYA OLEG EVGENEVYCH;
Dreams;Original Mix;UACT11100185;Roman Sweet;MAKHMUDOV EMIL ARABKHAN OGLY;
Metropolis;Original Mix;UACT11100186;Second Stage;DENIS OLEG TARASOVYCH | STOLYAR SERGEY IGOREVYCH;
To Catch The Last Train;Yan Oxygen Remix;UACT11100092;Sergio Mega;LAZAREV SERGIY GEORGIEVYCH;Yan Oxygen
Whisky;Louie Cut Remix;UACT11100165;Aquabeat;ZHIRNOV MAKSIM ALEKSANDROVYCH | DOSCHINSKIY MAKSIM VIKTOROVYCH;Louie Cut
Toys Trombone;Original Mix;UACT11000120;Dauphin;STOURTON THOMAS EDWARD ALEXANDER | LOWES WILLIAM PETER HUGH;
Inception;Original Mix;UACT11100114;Aquabeat;ZHIRNOV MAKSIM ALEKSANDROVYCH | DOSCHINSKIY MAKSIM VIKTOROVYCH;
Way To West;Original Mix;UACT11100150;Klaster;KOVTUN VITALIY VIKTOROVYCH;
Earth 2160;Original Mix;UACT11000127;Aquabeat & Yan Oxygen;CHUB YAN OLEGOVYCH | ZHIRNOV MAKSIM ALEKSANDROVYCH | DOSCHINSKIY MAKSIM VIKTOROVYCH;
Funky Riff;Original Mix;UACT11100072;El Mariachi;GNATCHENKO YAROSLAV IGOREVYCH;
Rum & Sambuca;Original Mix;UACT11100135;Aquabeat & Vein Litterback;ZHIRNOV MAKSIM ALEKSANDROVYCH | DOSCHINSKIY MAKSIM VIKTOROVYCH;
Spin The Records;Happy Funky Original Mix;UACT11100061;Stanislav Kaligula;MAKSIMENKO STANISLAV EVGENYEVYCH;
Disco Ball;Maxitronica Remix;UACT11100167;Alexander Fog;LESSIO IGOR;Maxitronica
Picasso;Original Mix;UACT11100137;Fallhead;LERNER RALPH;
Zone Of Turbulance;Original Mix;UACT11100187;Aparatex;MARINETS IVAN IVANOVYCH;
Just Do It;Original Mix;UACT11100188;Dee Mares;CHALYI DMITRYI ANATOLIEVYCH;
Sticky;Original Mix;UACT11100189;Materia & Roman Sweet;BROVKIN ROMAN ROMANOVYCH;
Vote;Deep Tech Version;UACT11100190;Bullshit Bingo;PLOTNIKOV ALEXANDER YURIEVYCH;
Secret;Original Mix;UACT11100191;Ikiro;KRASNOSHTAN SERGEY ANATOLIEVYCH;
Stormy Coast;Original Mix;UACT11100192;Ixidor;SMOLIN IGOR SERGEEVYCH;
Gaya;Original Mix;UACT11100193;Victor Sviridov;VICTOR SVIRIDOV;
My Girl;Original Mix;UACT11100194;Stereo Andrew;URAKOV ANDREY ALEXANDROVYCH;
Evening;Original Mix;UACT11100195;Paul Funkee;GORBACHEV PAVEL;
Evening;Artur Grek & Tim F.Resh Remix;UACT11100196;Paul Funkee;GORBACHEV PAVEL;Artur Grek | Tim F.Resh
Evening;Slackers Project & Piranya Remix;UACT11100197;Paul Funkee;GORBACHEV PAVEL;Slackers Project
Jazzy;Original Mix;UACT10700132;Fresh & Majestic;DROZDOV ROMAN VLADIMIROVYCH;
Corners Of Mind;Original Mix;UACT11100130;Komplektov;KOMPLEKTOV SERGEY NICKOLAEVYCH;
Ovine;Original Mix;UACT11000075;Artem Zest;ZHURBILA ARTSIOM ALEXEEVYCH;
Gala;Original Mix;UACT11000023;Dee Mares;CHALYI DMITRYI ANATOLIEVYCH;
At Night;Tina Valen Dub;UACT10900244;Sergio Mega feat. Seva Solncev;LAZAREV SERGIY GEORGIEVYCH | SOLNCEV VSEVOLOD EVGENEVYCH;Tina Valen
Rain;Original Mix;UACT11100149;Oleg Soul;POLIAKOV DENIS VALENTINOVYCH;
Coming;Original Mix;UACT11100074;Komplektov;KOMPLEKTOV SERGEY NIKOLAEVYCH;
At Night;Original Mix;UACT11000022;Roma Fresh presents N.A.K.;LAZAREV SERGIY GEORGIEVYCH | SOLNCEV VSEVOLOD EVGENEVYCH;
Deep;Alex Love Remix;UACT11100069;Alex Love;DYACHOK ALEKSEY SERGEEVYCH;Alex Love
Without You;Vocal Mix;UACT10900229;Ikiro;KRASNOSHTAN SERGEY ANATOLIEVYCH;
CTSummer 2011;Continuous DJ Mix;UACT11100225;Sergio Mega;LAZAREV SERGIY GEORGIEVYCH;
Dial;Original Mix;UACT11100198;Falency;MALINOVSKIY GENNADIY SERGEEVYCH;
Interaction;Original Mix;UACT11100199;Falency;MALINOVSKIY GENNADIY SERGEEVYCH;
Shooting Stars;Original Mix;UACT11100200;Falency;MALINOVSKIY GENNADIY SERGEEVYCH;
Private Intelligence;Original Mix;UACT11100201;DJ KoT;KOTOV YAKOV ALEXANDROVYCH;
Deadly Shadows;Original Mix;UACT11100202;DJ KoT;KOTOV YAKOV ALEKSANDROVYCH | KOTOV YAKOV ALEXANDROVYCH;
Tokyo Nights;Original Mix;UACT11100203;DJ KoT;KOTOV YAKOV ALEXANDROVYCH;
Rainy Day;Original Mix;UACT11100204;DJ KoT;KOTOV YAKOV ALEXANDROVYCH;
So Many Years;Original Mix;UACT11100205;DJ KoT;KOTOV YAKOV ALEXANDROVYCH;
Protoplasm;Original Mix;UACT11100206;DJ KoT;KOTOV YAKOV ALEXANDROVYCH;
Dead End;Original Mix;UACT11100207;DJ KoT;KOTOV YAKOV ALEXANDROVYCH;
Alea Jacta Est;Original Mix;UACT11100208;DJ KoT;KOTOV YAKOV ALEXANDROVYCH;
Nebulist;Dub Version;UACT11100209;DJ KoT;KOTOV YAKOV ALEKSANDROVYCH;
City Of Tomorrow;Live;UACT11100210;DJ KoT;KOTOV YAKOV ALEKSANDROVYCH;
The Treachery;Original Mix;UACT11100211;DJ KoT;KOTOV YAKOV ALEKSANDROVYCH;
White Light;Original Mix;UACT11100212;DJ KoT feat. Deep Technique;KOTOV YAKOV ALEXANDROVYCH;
Distant Worlds;Original Mix;UACT11100213;DJ KoT;KOTOV YAKOV ALEXANDROVYCH;
Gathering Gems;Original Mix;UACT11100214;DJ KoT;KOTOV YAKOV ALEXANDROVYCH;
Cherry Lady;Original Mix;UACT11100215;DJ Ubee;KANDYBA YURIY DMITRIEVYCH;
Invisible Alarm;Original Mix;UACT11100216;Technolog;BONDARENKO VASILIY YURIEVYCH;
Disco Fans;Original Mix;UACT11100217;Dima German;STRILETS DMITRY ALEXANDROVYCH;
Vega;Original Mix;UACT11100218;Igor Graphite;BOBONICH IGOR NIKOLAEVYCH;
Blauvogel;Original Mix;UACT11100219;Komplektov;KOMPLEKTOV SERGEY NICKOLAEVYCH;
Days Of Thunder;Original Mix;UACT11100220;Komplektov;KOMPLEKTOV SERGEY NICKOLAEVYCH;
Disco Ball;Maxitronica Remix;UACT11100167;Alexander Fog;LESSIO IGOR;Maxitronica
Toys Trombone;Original Mix;UACT11000120;Dauphin;STOURTON THOMAS EDWARD ALEXANDER | LOWES WILLIAM PETER HUGH;
Zina;Original Mix;UACT11100153;Artur Grek & Tim F.Resh;RESHETILO ARTEM PAVLOVYCH | GRUNIN ARTUR OLEGOVYCH;
Mini Human Beings;Joee Cons Insomnia Remix;UACT10800179;Kotov & Andre Wilde;ROMANKO ANATOLIY;Joee Cons
Inception;Francesco Doni Remix;UACT11100118;Aquabeat;ZHIRNOV MAKSIM ALEKSANDROVYCH | DOSCHINSKIY MAKSIM VIKTOROVYCH;Francesco Doni
Stereoland;Andi Vax Remix;UACT10900206;Sergio Mega;LAZAREV SERGIY GEORGIEVYCH;Andi Vax
Rum & Sambuca;Original Mix;UACT11100135;Aquabeat & Vein Litterback;ZHIRNOV MAKSIM ALEKSANDROVYCH | DOSCHINSKIY MAKSIM VIKTOROVYCH;
Plastic Toys;Nick Zero Prog Mix;UACT10700123;Deb feat. MC Yug;LAFORGE VITO;Nick Zero
Chernobyl;Original Mix;UACT10800081;Aquabeat;ZHIRNOV MAKSIM ALEKSANDROVYCH | DOSCHINSKIY MAKSIM VIKTOROVYCH;
Be Yourself;M.I.D.I. Phobia Mix;UACT10700121;Sergio Mega & Storm Tarrion;LAZAREV SERGIY GEORGIEVYCH;M.I.D.I.
CTSound Techno 2011;Continuous DJ Mix;UACT11100236;Aquabeat;ZHIRNOV MAKSIM ALEKSANDROVYCH | DOSCHINSKIY MAKSIM VIKTOROVYCH;
Kiddikraft;Original Mix;UACT11100221;Artem Zest;ZHURBILA ARTSIOM ALEXEEVYCH;
Ergonomie;Original Mix;UACT11100222;Ninohengst;BOEGEL NINO;
Kikoz;Original Mix;UACT11100223;Dima Leon4ik;KANUNNIKOV DMITRY MICKHAYLOVYCH;
Shvermut;Original Mix;UACT11100224;Roman Sweet;BROVKIN ROMAN ROMANOVYCH;
Ellipse;Original Mix;UACT11100226;Paul Funkee;GORBACHEV PAVEL;
Collapse;Original Mix;UACT11100227;Paul Funkee;GORBACHEV PAVEL;
Whiteness;Original Mix;UACT11100228;Klaster;KOVTUN VITALIY VIKTOROVYCH;
Missing You;Original Mix;UACT11100229;Klaster;KOVTUN VITALIY VIKTOROVYCH;
Underworld;Original Mix;UACT11100230;Kos The Greek;SHERENETS KONSTANTIN ALEKSANDROVYCH;
Underworld;Synthetic Technology Remix;UACT11100231;Kos The Greek;SHERENETS KONSTANTIN ALEKSANDROVYCH;Synthetic Technology
Hey Hi;Original Mix;UACT11100232;Ninohengst;BOEGEL NINO;
Last Of Sun;Original Mix;UACT11100233;Ninohengst;BOEGEL NINO;
Trance Dance;Original Mix;UACT11100234;Ninohengst;BOEGEL NINO;
Love The Monotone;Original Mix;UACT11100235;Ninohengst;BOEGEL NINO;
Disco Ball;Original Mix;UACT11100166;Alexander Fog;LESSIO IGOR;
Whisky;Original Mix;UACT11100164;Aquabeat;ZHIRNOV MAKSIM ALEKSANDROVYCH | DOSCHINSKIY MAKSIM VIKTOROVYCH;
Give You Pleasure;Original Mix;UACT11100180;Dima Leon4ik;KANUNNIKOV DMITRY MICKHAYLOVYCH;
Bubble Gum;Original Mix;UACT11100156;DJ Zim;GANICH KONSTANTIN IGOREVYCH;
Stupid Scientist;Yan Oxygen Remix;UACT11100162;Fimas;BORINETS ALEXEY VASILEVYCH;Yan Oxygen
Evening;Artur Grek & Tim F.Resh Remix;UACT11100196;Paul Funkee;GORBACHEV PAVEL;Artur Grek | Tim F.Resh
Dreams;Original Mix;UACT11100185;Roman Sweet;MAKHMUDOV EMIL ARABKHAN OGLY;
Tinajo;Massa & Dr. Alfred Remix;UACT11100174;Voltereto & Dr. Alfred;GUIJARRO JOSE ANTONIO | ALVAREZ  ALFREDO;Massa |  Dr. Alfred
Perfect Technique;David Temessi Remix;UACT11100178;Zukunftstraume & JB General;MARSH ALEXANDER ALEXANDROVYCH;David Temessi
Secret;Original Mix;UACT11100191;Ikiro;KRASNOSHTAN SERGEY ANATOLIEVYCH;
Away;Original Mix;UACT11100237;Yan Oxygen;CHUB YAN OLEGOVYCH;
Black Gamma;Original Mix;UACT11100238;Yan Oxygen;CHUB YAN OLEGOVYCH;
Change;Original Mix;UACT11100239;Yan Oxygen;TORRAS RODRIGUEZ JAVIER | CHUB YAN OLEGOVYCH;
Every Day;Original Mix;UACT11100240;Yan Oxygen;CHUB YAN OLEGOVYCH;
Fire Face;Original Mix;UACT11100241;Yan Oxygen;CHUB YAN OLEGOVYCH;
Monoloc;Original Mix;UACT11100242;Yan Oxygen;CHUB YAN OLEGOVYCH;
Ria;Original Mix;UACT11100243;Yan Oxygen;CHUB YAN OLEGOVYCH;
Russian Submarine;Original Mix;UACT11100244;Yan Oxygen;CHUB YAN OLEGOVYCH;
Tray;Original Mix;UACT11100245;Yan Oxygen;CHUB YAN OLEGOVYCH;
Venus;Original Mix;UACT11100246;Yan Oxygen;CHUB YAN OLEGOVYCH;
Versailles;Original Mix;UACT11100247;Yan Oxygen;CHUB YAN OLEGOVYCH;
Up;Original Mix;UACT11100248;DJ Ubee;KANDYBA YURIY DMITRIEVYCH;
Panic;Original Mix;UACT11100249;Aleksandr Life;CHUCHUPAKA ALEKSANDR YURIEVYCH;
Melancholy;Original Mix;UACT11100250;Alexandr Zarva;ZARVA ALEXANDR SERGEEVYCH;
Shift Control;Original Mix;UACT11100251;Stanislav Keksuz;KOLESNIKOV STANISLAV ALEKSANDROVYCH;
Upper;Original Mix;UACT11100252;Sergio Mega;LAZAREV SERGIY GEORGIEVYCH;
Upper;Sadder Remix;UACT11100253;Sergio Mega;LAZAREV SERGIY GEORGIEVYCH;Sadder
Upper;Dub Makers Remix;UACT11100254;Sergio Mega;LAZAREV SERGIY GEORGIEVYCH;Dub Makers
Upper;The Mind (Spain) Remix;UACT11100255;Sergio Mega;LAZAREV SERGIY GEORGIEVYCH;The Mind (Spain)
Upper;Artur Grek & Tim F.Resh Remix;UACT11100256;Sergio Mega;LAZAREV SERGIY GEORGIEVYCH;Artur Grek & Tim F.Resh
Upper;Alexander Fog & Alberto Drago Remix;UACT11100257;Sergio Mega;LAZAREV SERGIY GEORGIEVYCH;Alexander Fog | Alberto Drago
Ride The Time;The Crime Remix;UACT11000007;Aquabeat feat. Rey-na;ZHIRNOV MAKSIM ALEKSANDROVYCH | DOSCHINSKIY MAKSIM VIKTOROVYCH;The Crime
Funky House;Original Mix;UACT10700131;Fresh & Majestic;DROZDOV ROMAN VLADIMIROVYCH;
Mini Human Beings;Joee Cons Insomnia Remix;UACT10800179;Kotov & Andre Wilde;ROMANKO ANATOLIY;Joee Cons
People In The House;Sambooca Mix;UACT10700100;Marcello Mineo;MINEO MARCELLO;Sambooca
Stereoland;Club Mix;UACT10800062;Sergio Mega;LAZAREV SERGIY GEORGIEVYCH;
The Fest;Andrea Martini Remix;UACT10800097;Sergio Mega;LAZAREV SERGIY GEORGIEVYCH;Andrea Martini
Dance Not Over;Original Vocal Mix;UACT10700089;Sergio Mega feat. Niels Von Geyer;LAZAREV SERGIY GEORGIEVYCH;
Only Friends;Original Mix;UACT10700080;Sergio Mega feat. Storm Tarrion;LAZAREV SERGIY GEORGIEVYCH;
Insomnia;Original Mix;UACT11000135;Shiz;KUYDA IVAN VLADIMIROVYCH | KAKHNICH NICKOLAY NICKOLAEVYCH;
Stay;Original Mix;UACT11000082;Yan Oxygen;CHUB YAN OLEGOVYCH;
Dune;Original Mix;UACT11100284;Alex Love;DYACHOK ALEKSEY SERGEEVYCH;
Epsilon;Original Mix;UACT11100285;Arys;VERED ANATOLIY VIKTOROVYCH;
Hover;Original Mix;UACT11100286;Audiko;SLEPTSOV DENIS ANDREEVYCH;
Summer Wind And Rain;Original Mix;UACT11100287;DJ Sluice;SLESARENKO SERGEY ALEKSANDROVYCH;
Into The Night;Spring Vocal Mix;UACT11100288;June feat. Jamie Lee Wilson;SYSOEV IGOR IGOREVYCH;
In My Dreams;Original Mix;UACT11100289;Lifted Emotion feat. Anastasiia Purple;KALASHNIKOV STEPAN VIKTOROVYCH;
Don't Walk Away;Original Mix;UACT11100290;Orbion;GRUBASHCHUK EVGENIY SERGEEVYCH;
I Remeber This Happy Moments;Original Mix;UACT11100291;Saphine;SAPIN SERGEY VADIMOVYCH;
Wrong;Original Mix;UACT11100292;Synth Etic;TRONCHUK SERGEY ALEKSEEVYCH;
4 Days In London;Original Mix;UACT11100293;Vitaliy Shot;IVANEYKO VITALIY EVGENYEVYCH;
Follow Me;Original Mix;UACT11100269;4LS;IVASHCHENKO VITALIY ANATOLYEVYCH | MITROFANOV DMITRIY ALEKSANDROVYCH;
Mr. Big;Original Mix;UACT11100270;Amarilyo;ZHELTENKO ALEXANDER SERGEEVYCH;
Why We Are;Original Mix;UACT11100271;Andrew Stets;STETSENKO ANDREI ANATOLYEVYCH;
Angliru;Original Mix;UACT11100272;Cobo;SOBIVCHAK ARTEM VASILYEVYCH;
Stress;Original Mix;UACT11100273;Dmitriy Yusupov;YUSUPUV DMITRIY VLADIMIROVYCH;
Bonne Chance;Original Mix;UACT11100274;Gaspra;GONCHARENKO DENIS ANATOLYEVYCH;
Memories Come;Original Mix;UACT11100275;Gobain;PRUSHCHIK ARTEM GENNADYEVYCH;
Puzzlestone;Original Mix;UACT11100276;Igor Graphite;BOBONICH IGOR NIKOLAEVYCH;
Sambuca;Original Mix;UACT11100277;Kasa Remixoff & Lady Crime;KASAP VADIM VLADIMIROVYCH | KITSENKO MARYAN ANATOLYEVYCH;
The End. The Fri-end;Original Mix;UACT11100278;Marc Atmost;KITSENKO MARYAN ANATOLYEVYCH;
Darling;Original Mix;UACT11100279;Queensway;SHVETS NIKOLAY ALEKSANDROVYCH;
Arabia;Original Mix;UACT11100280;Rad Van Cor;BYCHKOVYAK RODION GRIGORYEVYCH;
Far Away;Original Mix;UACT11100281;RastOk;TISHKOVETS EVGENIY VLADIMIROVYCH;
Obviously;Original Mix;UACT11100282;Synth Etic;TRONCHUK SERGEY ALEKSEEVYCH;
Burning;Original Mix;UACT11100283;Vitamindevil;KOCHKUROV VITALIY SERGEEVYCH;
Low;Original Mix;UACT11100258;Alex Love;DYACHOK ALEKSEY SERGEEVYCH;
Jerk;Original Mix;UACT11100259;BrainNebula;KUMANIKIN VALERIY GENNADIEVYCH;
Sunbeam;Original Mix;UACT11100260;DJ Chiff;KRASHANOVSKIY ANTON EVGENYEVYCH;
Rhythmic World;Original Mix;UACT11100261;DJ Denny Raff;TREYTYAK DENIS VLADIMIROVYCH;
Focus;Original Mix;UACT11100262;DJ Macbras;BRASLAVSKIY MAKSIM SERGEEVYCH;
In Da Club;Original Mix;UACT11100263;Euphoria Project by CJ Choopa feat. MC Mad;CHUPIN SERGEY LEONIDOVYCH | ZHOVTONOGOVA ELENA NIKOLAEVNA;
Trickster;Original Mix;UACT11100264;Gaspra;GONCHARENKO DENIS ANATOLYEVYCH;
Please No More;Original Mix;UACT11100265;Pignose Guys;VISHNYAKOV YAROSLAV VYACHESLAVOVYCH | CHERKASHIN VLADIMIR SERGEEVYCH;
An Old Friend;Original Mix;UACT11100266;Sonic;KRAVCHENKO YURIY SERGEEVYCH;
No More Dirty Games In The House;Original Mix;UACT11100267;Stacy Lotens feat. Discoden;SOLOGUB ANASTASIYA VASILYEVNA;
Sunny Mood;Original Mix;UACT11100268;Vitamindevil;KOCHKUROV VITALIY SERGEEVYCH;
Gloomy;Original Mix;UACT11100339;DJ Chiff;KRASHANOVSKIY ANTON EVGENYEVYCH;
Baby;Original Mix;UACT11100340;DJ Denny Raff feat. Silicon Vallets;TREYTYAK DENIS VLADIMIROVYCH;
In Club Make Love;Cosmic Fusion Mix;UACT11100341;Ikiro;KRASNOSHTAN SERGEY ANATOLIEVYCH;
Angel;Original Mix;UACT11100342;Kasa Remixoff;KASAP VADIM VLADIMIROVYCH;
Double Decibel;Original Mix;UACT11100343;PoLMaX;POLISHCHUK MAKSIM LEONIDOVYCH;
Warm Up;Original Mix;UACT11100344;Risepunk;BRASHOVETSKIY VADIM VIKTOROVYCH;
Let's Play A Chainsaw Electronics;Original Mix;UACT11100345;Stanislav Kaligula;MAKSIMENKO STANISLAV EVGENYEVYCH;
My Name;Original Mix;UACT11100346;Tony Kart & DJ Kostya Danilov feat. Miss Blulu;NAGORNYY ALEKSANDR NIKOLAEVYCH;
One Man Vision;Original Mix;UACT11100294;BrainNebula;KUMANIKIN VALERIY GENNADIEVYCH;
Story Of My Life;Original Mix;UACT11100295;DaGro;GROMOVA DARYA VLADIMIROVNA;
Caveman's Valentine;Original Mix;UACT11100296;DJ KoT;KOTOV YAKOV ALEKSANDROVYCH;
Red Line;Original Mix;UACT11100297;Ikiro;KRASNOSHTAN SERGEY ANATOLIEVYCH;
Wind;Original Mix;UACT11100298;Light Dreams;DOVBISH YURIY  VASILEVYCH | SKIDAN ALEKSANDR PETROVYCH;
Teletype-Several;Original Mix;UACT11100299;Queensway;SHVETS NIKOLAY ALEKSANDROVYCH;
For You;Original Mix;UACT11100300;RockMeister;MATVEYCHUK VLADIMIR ANDREEVYCH;
All My Loving;Original Mix;UACT11100301;SirDuke;SERDYUK PAVEL ALEKSANDROVYCH;
Contemplator;Original Mix;UACT11100302;Victor Sviridov;SVIRIDOV VIKTOR NIKOLAEVYCH;
Baba Misha;Original Mix;UACT11100303;Artur Grek & Tim F.Resh;RESHETILO ARTEM PAVLOVYCH | GRUNIN ARTUR OLEGOVYCH;
Jaja;Original Mix;UACT11100304;Artur Grek & Tim F.Resh;RESHETILO ARTEM PAVLOVYCH | GRUNIN ARTUR OLEGOVYCH;
Jora;Original Mix;UACT11100305;Artur Grek & Tim F.Resh;RESHETILO ARTEM PAVLOVYCH | GRUNIN ARTUR OLEGOVYCH;
Kokos;Original Mix;UACT11100306;Artur Grek & Tim F.Resh;RESHETILO ARTEM PAVLOVYCH | GRUNIN ARTUR OLEGOVYCH;
Krit;Original Mix;UACT11100307;Artur Grek & Tim F.Resh;RESHETILO ARTEM PAVLOVYCH | GRUNIN ARTUR OLEGOVYCH;
Mass;Original Mix;UACT11100308;Artur Grek & Tim F.Resh;RESHETILO ARTEM PAVLOVYCH | GRUNIN ARTUR OLEGOVYCH;
Milk;Original Mix;UACT11100309;Artur Grek & Tim F.Resh;RESHETILO ARTEM PAVLOVYCH | GRUNIN ARTUR OLEGOVYCH;
Out;Original Mix;UACT11100310;Artur Grek & Tim F.Resh;RESHETILO ARTEM PAVLOVYCH | GRUNIN ARTUR OLEGOVYCH;
Smach;Original Mix;UACT11100311;Artur Grek & Tim F.Resh;RESHETILO ARTEM PAVLOVYCH | GRUNIN ARTUR OLEGOVYCH;
Step;Original Mix;UACT11100312;Artur Grek & Tim F.Resh;RESHETILO ARTEM PAVLOVYCH | GRUNIN ARTUR OLEGOVYCH;
Verb;Original Mix;UACT11100313;Artur Grek & Tim F.Resh;RESHETILO ARTEM PAVLOVYCH | GRUNIN ARTUR OLEGOVYCH;
Mulleimer;Original Mix;UACT11100314;Risto K;KOHLER RISTO;
The Cross;Original Mix;UACT11100315;Technolog;BONDARENKO VASILIY YURIEVYCH;
Allure Demon;Original Mix;UACT11100316;Techno Animals;VDOVIN VLADISLAV VALERIEVYCH;
Infinity;Original Mix;UACT11100317;Stanislav Keksuz;VOLOSHIN STANISLAV ALEKSANDROVYCH | KOLESNIKOV STANISLAV ALEKSANDROVYCH | POLIAKOV DENIS VALENTINOVYCH;
Younth;Original Mix;UACT11100318;DJ Sluice;SLESARENKO SERGEY ALEKSANDROVYCH;
Unsuitability;Original Mix;UACT11100319;Emerix;DUKHIN ALEKSANDR LEONIDOVYCH;
Mysticism;Original Mix;UACT11100320;Jaroslaw;KONONYKHIN YAROSLAV YURYEVYCH;
Monolit;Original Mix;UACT11100321;Mechanical Wave;SOLOMKA ANDREY VALERIEVYCH | MANKO ARTEM EDUARDOVYCH;
Mercury;Original Mix;UACT11100322;Melkiy.DJ;MATLAKH NIKOLAY ANATOLYEVYCH;
Evil Spirits;Original Mix;UACT11100323;Seven Up;TITARCHUK EVGENIY OLEGOVYCH;
He Knows The Secret;Original Mix;UACT11100324;Synth Etic;TRONCHUK SERGEY ALEKSEEVYCH;
Parachute;Original Mix;UACT11100325;Teplohod;IVASHCHENKO VITALIY ANATOLYEVYCH;
Pure;Original Mix;UACT11100326;Vigil Coma;ANDREYCHUK SERGEY VASILYEVYCH;
Minimalist;Original Mix;UACT11100327;Vitamindevil;KOCHKUROV VITALIY SERGEEVYCH;
The Fog;Original Mix;UACT11100328;Yuri Petrovski;PETROVSKIY YURIY VALERYEVYCH;
Nothin On The Radio;Original Mix;UACT11100329;Alexander Kit;KITAYGORODSKIY ALEKSANDR SERGEEVYCH;
Discoteka;Original Mix;UACT11100330;Artur Grek & Tim F.Resh;RESHETILO ARTEM PAVLOVYCH | GRUNIN ARTUR OLEGOVYCH;
Coachwork;Original Mix;UACT11100331;Ikiro;KRASNOSHTAN SERGEY ANATOLIEVYCH;
Everything Is Gonna Be Acid;Original Mix;UACT11100332;Jackob;GAPONYUK YAKOV SEMENOVYCH;
Unexplored;Original Mix;UACT11100333;Jaroslaw;KONONYKHIN YAROSLAV YURYEVYCH;
Birdlike;Original Mix;UACT11100334;Konstantin Yoodza;SVISTUN KONSTANTIN EVGENYEVYCH;
Boy And Doll;Original Mix;UACT11100335;Pignose Guys;VISHNYAKOV YAROSLAV VYACHESLAVOVYCH | CHERKASHIN VLADIMIR SERGEEVYCH;
Tango;RrBm Edit;UACT11100336;Really Really Big Men & Key900;LISITSYN VIKTOR BORISOVYCH;
Anxious;Original Mix;UACT11100337;Sonic;KRAVCHENKO YURIY SERGEEVYCH;
Do Not Touch Her;Original Mix;UACT11100338;Vitamindevil;KOCHKUROV VITALIY SERGEEVYCH;
Inception;Gaga Remix;UACT11100115;Aquabeat;ZHIRNOV MAKSIM ALEKSANDROVYCH | DOSCHINSKIY MAKSIM VIKTOROVYCH;Gaga
Disco Beat;Original Mix;UACT11100071;Dub Makers;VOLOS ARSENIY YURYEVYCH;
Endless Way;Original Mix;UACT11000037;Yan Oxygen;CHUB YAN OLEGOVYCH;
Back Time;Slackers Project Remix;UACT11000066;M.I.D.I.;LAFORGE VITO;Slackers Project
Disco Ball;Maxitronica Remix;UACT11100167;Alexander Fog;LESSIO IGOR;Maxitronica
Jamal;Intro Mix;UACT11100054;Artur Grek;RESHETILO ARTEM PAVLOVYCH;
Earth 2160;Juann DDD Fucking Remix;UACT11000128;Aquabeat & Yan Oxygen;CHUB YAN OLEGOVYCH | ZHIRNOV MAKSIM ALEKSANDROVYCH | DOSCHINSKIY MAKSIM VIKTOROVYCH;Juan Ddd
The Beats;Emilijano Remix;UACT11100143;Slackers Project;DIHTYARUK ROMAN GRIGORIEVYCH | DARCHIASHVILY DACHI;Emilijano
Inception;Dani Sbert Remix;UACT11100116;Aquabeat;ZHIRNOV MAKSIM ALEKSANDROVYCH | DOSCHINSKIY MAKSIM VIKTOROVYCH;Dani Sbert
She Loves The Rain;Yan Oxygen Remix;UACT11000042;Sergio Mega feat. Niels Von Geyer;LAZAREV SERGIY GEORGIEVYCH;Yan Oxygen
Tinajo;Nicolas Ojesto Remix;UACT11100172;Voltereto & Dr. Alfred;GUIJARRO JOSE ANTONIO | ALVAREZ  ALFREDO;Nicolas Ojesto
System Off;Bockscar Remix;UACT11100003;Yan Oxygen;CHUB YAN OLEGOVYCH;Bockscar
Whisky;Louie Cut Remix;UACT11100165;Aquabeat;ZHIRNOV MAKSIM ALEKSANDROVYCH | DOSCHINSKIY MAKSIM VIKTOROVYCH;Louie Cut
Endless Way;Original Mix;UACT11000037;Yan Oxygen;CHUB YAN OLEGOVYCH;
I Want You Back;Original Mix;UACT11100052;Andy Fox;TANTSIURA YURII VLADIMIROVYCH;
Way To West;Original Mix;UACT11100150;Klaster;KOVTUN VITALIY VIKTOROVYCH;
To Catch The Last Train;Yan Oxygen Remix;UACT11100092;Sergio Mega;LAZAREV SERGIY GEORGIEVYCH;Yan Oxygen
First Attempt;Original Mix;UACT11100002;Bockscar;POKATASHKIN IGOR OLEGOVYCH;
Inception;Original Mix;UACT11100114;Aquabeat;ZHIRNOV MAKSIM ALEKSANDROVYCH | DOSCHINSKIY MAKSIM VIKTOROVYCH;
Secret;Original Mix;UACT11100191;Ikiro;KRASNOSHTAN SERGEY ANATOLIEVYCH;
Earth 2160;Original Mix;UACT11000127;Aquabeat & Yan Oxygen;CHUB YAN OLEGOVYCH | ZHIRNOV MAKSIM ALEKSANDROVYCH | DOSCHINSKIY MAKSIM VIKTOROVYCH;
She Loves The Rain;FIMAS Intence Remix;UACT11000043;Sergio Mega feat. Niels Von Geyer;LAZAREV SERGIY GEORGIEVYCH;Fimas
Female Techno-logic;Original Mix;UACT11100347;Alan Fortis;CHERKASOV ALAN VALERIEVYCH;
My Cute Bunny;Original Mix;UACT11100348;Alex Deardream;KUKHARENKO ALEKSEY VIKTOROVYCH;
Woopoo Rast;Original Mix;UACT11100349;Amarilyo & Bratus;ZHELTENKO ALEKSANDR SERGEEVYCH;
The Anything;Original Mix;UACT11100350;Andrew Stets;STETSENKO ANDREI ANATOLYEVYCH;
Light In The Dark;Original Mix;UACT11100351;Daan Mor;SHALADANOV ARTEM SERGEEVYCH;
I'm Not Your Enemy;Original Mix;UACT11100352;DaGro;GROMOVA DARYA VLADIMIROVNA;
Crysis;Original Mix;UACT11100353;Igor Graphite;BOBONICH IGOR NIKOLAEVYCH;
Solar Aggravation;Original Mix;UACT11100354;Louis Tone;KIRILENKO YAROSLAV YURYEVYCH;
Cocaine;Original Mix;UACT11100355;Me & My Brother;KORETNYUK YURIY PETROVYCH;
Delusion;Original Mix;UACT11100356;PoLMaX;POLISHCHUK MAKSIM LEONIDOVYCH;
Tommy Inspired;Original Mix;UACT11100357;Queensway;SHVETS NIKOLAY ALEKSANDROVYCH;
A Celle Qui Est Trop Gaie;Original Mix;UACT11100358;SirDuke;SERDYUK PAVEL ALEKSANDROVYCH;
Monde Sans Toi;Original Mix;UACT11100359;Synth Etic;TRONCHUK SERGEY ALEKSEEVYCH;
Firefly;Original Mix;UACT11100360;A.A.M DJsss;TANTSYURA YURIY VLADIMIROVYCH;
The Last Life;Original Mix;UACT11100361;Alex Love;DYACHOK ALEKSEY SERGEEVYCH;
Raincarnation;Original Mix;UACT11100362;Amarilyo;ZHELTENKO ALEKSANDR SERGEEVYCH;
Heaven;Original Mix;UACT11100363;Brutal Kids;DERNOVOY VITALIY NIKOLAEVYCH;
Island Of Freedom;Original Mix;UACT11100364;Damodar;STARODUB DMITRIY VLADIMIROVYCH;
Calling Your Name;Extended Mix;UACT11100365;Day&Night DeeJays feat. Kate Lessing;BADYUROV KIRILL GENNADYEVYCH;
Non-Contradiction;Original Mix;UACT11100366;Dmitry Ponomarenko;PONOMARENKO DMITRIY BORISOVYCH;
Bestique;Original Mix;UACT11100367;E & F;MALYSH BOGDAN EVGENYEVYCH | KALIMBET IGOR NIKOLAEVYCH;
By All Means;Original Mix;UACT11100368;Glittering Puzzle;GAVRUSHCHENKO VLADIMIR ALEKSANDROVYCH;
Wishful Thinking;Original Mix;UACT11100369;Stanislav Keksuz;KOLESNIKOV STANISLAV ALEKSANDROVYCH;
Age' Sunset;Original Mix;UACT11100370;Vigil Coma;ANDREYCHUK SERGEY VASILYEVYCH;
WGI;Original Mix;UACT11200001;Cheise;CHUPRYNIN ILYA SERGEEVYCH;
Visitation;Original Mix;UACT11200002;Brutal Kids;DERNOVOY VITALIY NIKOLAEVYCH;
Be The Star;Original Mix;UACT11200003;Ninohengst;BOEGEL NINO;
Here I Go;Original Mix;UACT11200004;Dima Leon4ik;KANUNNIKOV DMITRY MICKHAYLOVYCH;
Jabra;Original Mix;UACT11200005;Roman Sweet;BROVKIN ROMAN ROMANOVYCH;
Euphoria;Original Mix;UACT11200006;Roman Sweet;IVASHCHENKO VITALII ANATOLEVYCH | BROVKIN ROMAN ROMANOVYCH;
Black & White;Original Mix;UACT11200007;Roman Sweet;BROVKIN ROMAN ROMANOVYCH;
Idea;Original Mix;UACT11200008;Aleksandr Life;CHUCHUPAKA ALEKSANDR YURIEVYCH;
Next;Original Mix;UACT11200009;Aleksandr Life;CHUCHUPAKA ALEKSANDR YURIEVYCH;
Upper;Slackers Project Remix;UACT11200010;Sergio Mega;LAZAREV SERGIY GEORGIEVYCH;Slackers Project
Inhalation;Original Mix;UACT11200012;Dima Leon4ik;KANUNNIKOV DMITRY MICKHAYLOVYCH;
Egoshooter;Original Mix;UACT11200013;Ninohengst;BOEGEL NINO;
Amigos;Original Mix;UACT11200014;El Mariachi;GNATCHENKO YAROSLAV IGOREVYCH;
Isla;Original Mix;UACT11200015;Missy Jay;TANTSIURA YURII VLADIMIROVYCH;
Summertime;Original Mix;UACT11200016;P.o.ison;ODNENKO ROSTISLAV ALEXANDROVYCH;
Red Line;Original Mix;UACT11100297;Ikiro;KRASNOSHTAN SERGEY ANATOLIEVYCH;
One Man Vision;Original Mix;UACT11100294;BrainNebula;KUMANIKIN VALERIY GENNADIEVYCH;
Birdlike;Original Mix;UACT11100334;Konstantin Yoodza;SVISTUN KONSTANTIN EVGENYEVYCH;
Teletype-Several;Original Mix;UACT11100299;Queensway;SHVETS NIKOLAY ALEKSANDROVYCH;
For You;Original Mix;UACT11100300;RockMeister;MATVEYCHUK VLADIMIR ANDREEVYCH;
All My Loving;Original Mix;UACT11100301;SirDuke;SERDYUK PAVEL ALEKSANDROVYCH;
Unsuitability;Original Mix;UACT11100319;Emerix;DUKHIN ALEKSANDR LEONIDOVYCH;
Discoteka;Original Mix;UACT11100330;Artur Grek & Tim F.Resh;RESHETILO ARTEM PAVLOVYCH | GRUNIN ARTUR OLEGOVYCH;
Woopoo Rast;Original Mix;UACT11100349;Amarilyo & Bratus;ZHELTENKO ALEKSANDR SERGEEVYCH;
Story Of My Life;Original Mix;UACT11100295;DaGro;GROMOVA DARYA VLADIMIROVNA;
Nothin On The Radio;Original Mix;UACT11100329;Alexander Kit;KITAYGORODSKIY ALEKSANDR SERGEEVYCH;
Sky;Original Mix;UACT11200022;San.Dy;NAGORNYY ALEKSANDR NIKOLAEVYCH;
Walking Through;Original Mix;UACT11200023;DJ Ubee;KANDYBA YURIY DMITRIEVYCH;
Good Day;Original Mix;UACT11200024;To Hard-Zen;KEBA DARIA MYKOLAEVNA | BUSHLYA OLEG EVGENEVYCH;
D Night;Original Mix;UACT11200025;Bullshit Bingo;PLOTNIKOV ALEXANDER YURIEVYCH;
Change;Original Mix;UACT11100239;Yan Oxygen;TORRAS RODRIGUEZ JAVIER | CHUB YAN OLEGOVYCH;
Monoloc;Original Mix;UACT11100242;Yan Oxygen;CHUB YAN OLEGOVYCH;
Versailles;Original Mix;UACT11100247;Yan Oxygen;CHUB YAN OLEGOVYCH;
Upper;Dub Makers Remix;UACT11100254;Sergio Mega;LAZAREV SERGIY GEORGIEVYCH;Dub Makers
Caveman's Valentine;Original Mix;UACT11100296;DJ KoT;KOTOV YAKOV ALEKSANDROVYCH;
Darling;Original Mix;UACT11100279;Queensway;SHVETS NIKOLAY ALEKSANDROVYCH;
Contemplator;Original Mix;UACT11100302;Victor Sviridov;SVIRIDOV VIKTOR NIKOLAEVYCH;
Allure Demon;Original Mix;UACT11100316;Techno Animals;VDOVIN VLADISLAV VALERIEVYCH;
Delusion;Original Mix;UACT11100356;PoLMaX;POLISHCHUK MAKSIM LEONIDOVYCH;
Idea;Original Mix;UACT11200008;Aleksandr Life;CHUCHUPAKA ALEKSANDR YURIEVYCH;
Gogol;Original Mix;UACT11200026;Sergio Mega;LAZAREV SERGIY GEORGIEVYCH;
Gogol;Klaster Remix;UACT11200027;Sergio Mega;LAZAREV SERGIY GEORGIEVYCH;Klaster
Gogol;Bockscar Remix;UACT11200028;Sergio Mega;LAZAREV SERGIY GEORGIEVYCH;Bockscar
Gogol;NinoHengst Extended Mix;UACT11200029;Sergio Mega;LAZAREV SERGIY GEORGIEVYCH;Ninohengst
Gogol;NinoHengst Remix;UACT11200030;Sergio Mega;LAZAREV SERGIY GEORGIEVYCH;Ninohengst
Gogol;Roman Sweet Remix;UACT11200031;Sergio Mega;LAZAREV SERGIY GEORGIEVYCH;Roman Sweet
Gogol;Dima Leon4ik Remix;UACT11200032;Sergio Mega;LAZAREV SERGIY GEORGIEVYCH;Dima Leon4ik
Gogol;Mechanical Wave Remix;UACT11200033;Sergio Mega;LAZAREV SERGIY GEORGIEVYCH;Mechanical Wave
Name;Original Mix;UACT11200034;Esford;LYMARENKO VITALY VIKTOROVYCH;
Lost Headphones;Original Mix;UACT11200035;Missy Jay;JAY FERRARI CLAUDIA;
Men Of Udakai;Original Mix;UACT11200036;DIGITALmusikanten;KOCK ROBERT | CHRISTIAN PHILIPP;
Viaje Largo;Original Mix;UACT11200037;Marco Piangiamore feat. Karina;PIANGIAMORE MARCO;
We Trust;Original Mix;UACT11200038;Esford;LYMARENKO VITALY VIKTOROVYCH;
Black Room;Original Mix;UACT11200039;Esford;LYMARENKO VITALY VIKTOROVYCH;
Caveman's Valentine;Original Mix;UACT11100296;DJ KoT;KOTOV YAKOV ALEKSANDROVYCH;
Tetris;Original Mix;UACT11100010;Frozen;SHPAKOV NIKOLAY ALEKSANDROVYCH;
Make Your Choice;Original Mix;UACT11100017;El Mariachi;GNATCHENKO YAROSLAV IGOREVYCH;
Gray Clouds;Original Mix;UACT11100016;Claud;LIPSKY ANTON LEONIDOVYCH;
Moonlight Persistence;Original Mix;UACT11100020;Jin Haze;BATUSHAN GLEB YURYEVYCH;
Mr.Zee;Soul Full House Mix;UACT11100073;Ikiro;KRASNOSHTAN SERGEY ANATOLIEVYCH;
Adrenalin;Original Mix;UACT11100004;Amarilyo;ZHELTENKO ALEXANDER SERGEEVYCH;
Fly;Original Mix;UACT11100012;Igor Graphite;BOBONICH IGOR NIKOLAEVYCH | SAKHNO YURIY VLADIMIROVYCH;
Circle;Original Mix;UACT11100015;Big&Little;BELOGOROKHOV VITALIY IGOREVYCH | STARODUB DMITRIY VLADIMIROVYCH;
Desperate;Original Mix;UACT11100024;The Crime;KOZIR ALEKSANDR VASILYEVYCH;
Mod;Original Mix;UACT11200040;Esford;LYMARENKO VITALY VIKTOROVYCH;
High Clouds;Original Mix;UACT11200041;Dee Mares;CHALYI DMITRYI ANATOLIEVYCH;
Rocking Mouth;Original Mix;UACT11200042;Ninohengst;BOEGEL NINO;
Desna River;Original Mix;UACT11200043;Danny Mirando;KARAMISHEV OLEG;
Voyage;Original Mix;UACT11200044;Zukunftstraume;MARSH ALEXANDER ALEXANDROVYCH;
Voyage;JB General Remix;UACT11200045;Zukunftstraume;MARSH ALEXANDER ALEXANDROVYCH;JB General
En La Playa;Original Mix;UACT11200046;Marfel;ARDUINI FELICE;
Noche Ibizenca;Original Mix;UACT11200047;Marfel;ARDUINI FELICE;
Una Noche De Verano Al Ritmo De Los Congas;Original Mix;UACT11200048;Marfel;ARDUINI FELICE;
Resistance;Original Mix;UACT11200049;San Ko;KOSTENKO ALEKSANDR;
Ink;Original Mix;UACT11200050;Bockscar;POKATASHKIN IGOR OLEGOVYCH;
Dark Side Summer;Original Mix;UACT11200051;Chameleon;TROTSINA NIKOLAY;
49th Avenue;Original Mix;UACT11200052;Roman Sweet;BROVKIN ROMAN ROMANOVYCH;
Birdlike;Original Mix;UACT11100334;Konstantin Yoodza;SVISTUN KONSTANTIN EVGENYEVYCH;
Men Of Udakai;Original Mix;UACT11200036;DIGITALmusikanten;KOCK ROBERT | CHRISTIAN PHILIPP;
Name;Original Mix;UACT11200034;Esford;LYMARENKO VITALY VIKTOROVYCH;
High Clouds;Original Mix;UACT11200041;Dee Mares;CHALYI DMITRYI ANATOLIEVYCH;
Viaje Largo;Original Mix;UACT11200037;Marco Piangiamore feat. Karina;PIANGIAMORE MARCO;
Next;Original Mix;UACT11200009;Aleksandr Life;CHUCHUPAKA ALEKSANDR YURIEVYCH;
Unsuitability;Original Mix;UACT11100319;Emerix;DUKHIN ALEKSANDR LEONIDOVYCH;
Make Your Choice;Original Mix;UACT11100017;El Mariachi;GNATCHENKO YAROSLAV IGOREVYCH;
Doppler;Original Mix;UACT11200018;Bob Fanzidon;MELNIK BOGDAN VLADIMIROVYCH;
Gogol;Klaster Remix;UACT11200027;Sergio Mega;LAZAREV SERGIY GEORGIEVYCH;Klaster
Fortress;Original Mix;UACT11200053;Broukez;BUBNOV ANDREY;
Strider;Original Mix;UACT11200054;Shurmenkoff;SHURMENKOV IGOR IGOREVYCH;
Night;Original Mix;UACT11200055;Dmitriy Yusupov;NAGORNYY ALEKSANDR NIKOLAEVYCH;
Secret;Original Mix;UACT11100191;Ikiro;KRASNOSHTAN SERGEY ANATOLIEVYCH;
Gala;Original Mix;UACT11000023;Dee Mares;CHALYI DMITRYI ANATOLIEVYCH;
Red Line;Original Mix;UACT11100297;Ikiro;KRASNOSHTAN SERGEY ANATOLIEVYCH;
One Man Vision;Original Mix;UACT11100294;BrainNebula;KUMANIKIN VALERIY GENNADIEVYCH;
Teletype-Several;Original Mix;UACT11100299;Queensway;SHVETS NIKOLAY ALEKSANDROVYCH;
Name;Original Mix;UACT11200034;Esford;LYMARENKO VITALY VIKTOROVYCH;
Caveman's Valentine;Original Mix;UACT11100296;DJ KoT;KOTOV YAKOV ALEKSANDROVYCH;
For You;Original Mix;UACT11100300;RockMeister;MATVEYCHUK VLADIMIR ANDREEVYCH;
All My Loving;Original Mix;UACT11100301;SirDuke;SERDYUK PAVEL ALEKSANDROVYCH;
Feel So Deep;Original Mix;UACT10700141;Ikiro;KRASNOSHTAN SERGEY ANATOLIEVYCH;
More;Original Mix;UACT10800092;Tka4;TKACH VASYL VIKTOROVYCH;
Story Of My Life;Original Mix;UACT11100295;DaGro;GROMOVA DARYA VLADIMIROVNA;
Woopoo Rast;Original Mix;UACT11100349;Amarilyo & Bratus;ZHELTENKO ALEKSANDR SERGEEVYCH;
Endless Way;Original Mix;UACT11000037;Yan Oxygen;CHUB YAN OLEGOVYCH;
She Loves The Rain;Yan Oxygen Remix;UACT11000042;Sergio Mega feat. Niels Von Geyer;LAZAREV SERGIY GEORGIEVYCH;Yan Oxygen
Inception;Gaga Remix;UACT11100115;Aquabeat;ZHIRNOV MAKSIM ALEKSANDROVYCH | DOSCHINSKIY MAKSIM VIKTOROVYCH;Gaga
Cocaine;Truati Remix;UACT10900198;Aquabeat feat. Rey-Na;KORETNYUK YURIY PETROVYCH;Truati
Whisky;Louie Cut Remix;UACT11100165;Aquabeat;ZHIRNOV MAKSIM ALEKSANDROVYCH | DOSCHINSKIY MAKSIM VIKTOROVYCH;Louie Cut
System Off;Bockscar Remix;UACT11100003;Yan Oxygen;CHUB YAN OLEGOVYCH;Bockscar
Plastic Toys;Nick Zero Remix;UACT10800156;Deb feat. MC Yug;LAFORGE VITO;Nick Zero
Revolution;Original Mix;UACT10900238;Yan Oxygen;KOLOMOETS ANDREY NIKOLAEVYCH;
System Off;Original Mix;UACT10900257;Yan Oxygen;CHUB YAN OLEGOVYCH;
Ride The Time;Sergio Mega Remix;UACT10900269;Aquabeat feat. Rey-Na;ZHIRNOV MAKSIM ALEKSANDROVYCH | DOSCHINSKIY MAKSIM VIKTOROVYCH;Sergio Mega
Cocaine;Vein Litterback Remix;UACT10900200;Aquabeat feat. Rey-Na;KORETNYUK YURIY PETROVYCH;Vein Litterback
Earth 2160;Juann DDD Fucking Remix;UACT11000128;Aquabeat & Yan Oxygen;CHUB YAN OLEGOVYCH | ZHIRNOV MAKSIM ALEKSANDROVYCH | DOSCHINSKIY MAKSIM VIKTOROVYCH;Juan Ddd
Unknown Science;Original Mix;UACT11000032;Yan Oxygen;CHUB YAN OLEGOVYCH;
Funky House;Original Mix;UACT10700131;Fresh & Majestic;DROZDOV ROMAN VLADIMIROVYCH;
Optimistika;Original Mix;UACT11000003;Mantrique;MOSKALENKO MAXIM VIKTOROVYCH;
Insomnia;Sergio Mega Remix;UACT10700151;Shiz;KUYDA IVAN VLADIMIROVYCH | KAKHNICH NICKOLAY NICKOLAEVYCH;Sergio Mega
Jump;Nathan Barato Anti Vox Remix;UACT10800088;Kotov & Andre Wilde;ROMANKO ANATOLIY;Nathan Barato
Stay;Original Mix;UACT11000082;Yan Oxygen;CHUB YAN OLEGOVYCH;
Disco Rocker;Original Mix;UACT11000031;Slackers Project;DIHTYARUK ROMAN GRIGORIEVYCH | DARCHIASHVILY DACHI;
Mini Human Beings;Original Mix;UACT10800177;Kotov & Andre Wilde;ROMANKO ANATOLIY;
Earth 2160;Original Mix;UACT11000127;Aquabeat & Yan Oxygen;CHUB YAN OLEGOVYCH | ZHIRNOV MAKSIM ALEKSANDROVYCH | DOSCHINSKIY MAKSIM VIKTOROVYCH;
Stereoland;Club Mix;UACT10800062;Sergio Mega;LAZAREV SERGIY GEORGIEVYCH;
Dance Not Over;DJ Lion Remix;UACT10700085;Sergio Mega feat. Niels Von Geyer;LAZAREV SERGIY GEORGIEVYCH;DJ Lion
Ze Ozer Vang;Anthony Attalla Remix;UACT10900222;Kotov & Andre Wilde;ROMANKO ANATOLIY;Anthony Attalla
Dance Not Over;Club Dub;UACT10800059;Sergio Mega feat. Niels Von Geyer;LAZAREV SERGIY GEORGIEVYCH;
Only Friends;DJ Pierre Afro Acid Remix;UACT10700081;Sergio Mega feat. Storm Tarrion;LAZAREV SERGIY GEORGIEVYCH;DJ Pierre
Ida;Original Mix;UACT11200059;DIGITALmusikanten;ROBERT KOCK | PHILIPP CHRISTIAN;
Ida;Sergio Mega Remix;UACT11200060;DIGITALmusikanten;ROBERT KOCK | PHILIPP CHRISTIAN;Sergio Mega
Ida;Special Key Remix;UACT11200061;DIGITALmusikanten;ROBERT KOCK | PHILIPP CHRISTIAN;Special Key
Ida;Roman Sweet Remix;UACT11200062;DIGITALmusikanten;ROBERT KOCK | PHILIPP CHRISTIAN;Roman Sweet
Bumaretto;Original Mix;UACT11200063;DJ Ubee;KANDYBA YURIY DMITRIEVYCH;
Eye Motel;Original Mix;UACT11200064;Missy Jay;JAY FERRARI CLAUDIA;
Air;Original Mix;UACT11200065;Waterspoon;VODOLOZHKO KONSTANTIN;
Atomic City;Original Mix;UACT11200066;Danny Mirando;KARAMISHEV OLEG;
Kinetic;Original Mix;UACT11200056;Brutal Kids;DERNOVOY VITALIY NIKOLAEVYCH;
Kinetic;DJ Ubee Remix;UACT11200057;Brutal Kids;DERNOVOY VITALIY NIKOLAEVYCH;DJ Ubee
Kinetic;Brutal Kids Remix;UACT11200058;Brutal Kids;DERNOVOY VITALIY NIKOLAEVYCH;Brutal Kids
Storm;Original Mix;UACT11200067;DJ Ubee;KANDYBA YURIY DMITRIEVYCH;
Anger;Original Mix;UACT11200068;Gin Vinyla;BASHKIROV ARTHUR IGOREVYCH;
Anthillcity;Original Mix;UACT11200069;Loony Soul;DOVBISH YURIY VASILEVYCH;
Alive;Original Mix;UACT11200070;Sergio Mega feat. Storm Tarrion;LAZAREV SERGIY GEORGIEVYCH;
Alive;Esford Remix;UACT11200071;Sergio Mega feat. Storm Tarrion;LAZAREV SERGIY GEORGIEVYCH;Esford
Alive;Vigil Coma Remix;UACT11200072;Sergio Mega feat. Storm Tarrion;LAZAREV SERGIY GEORGIEVYCH;Vigil Coma
Alive;Brutal Kids Remix;UACT11200073;Sergio Mega feat. Storm Tarrion;LAZAREV SERGIY GEORGIEVYCH;Brutal Kids
Alive;DIGITALmusikanten Remix;UACT11200074;Sergio Mega feat. Storm Tarrion;LAZAREV SERGIY GEORGIEVYCH;Digitalmusikanten
Hands Up;Original Mix;UACT11200075;Slackers Project & Pirania;NAZARCHUK ROMAN YURYEVYCH;
Hands Up;Fely B Remix;UACT11200076;Slackers Project & Pirania;NAZARCHUK ROMAN YURYEVYCH;Fely B
Hands Up;Dima Leon4ik Remix;UACT11200077;Slackers Project & Pirania;NAZARCHUK ROMAN YURYEVYCH;Dima Leon4ik
Memories;Original Mix;UACT11200078;T.Fain;KIREEV TIMOFEY VLADIMIROVYCH;
Tokyo Police;Original Mix;UACT11200079;Chameleon;TROTSINA NIKOLAY;
Restless Night;Original Mix;UACT11200080;James Laben;PATSERA EUGENE ALEKSANDROVYCH;
Miss Gift;Original Mix;UACT11200081;Bullshit Bingo;PLOTNIKOV ALEXANDER YURIEVYCH;
Ibiza Funk;Original Mix;UACT11200082;Marfel;ARDUINI FELICE;
Evissa Night;Original Mix;UACT11200083;Marfel;ARDUINI FELICE;
El Sol Es Muy Caliente;Original Mix;UACT11200084;Marfel;ARDUINI FELICE;
Turbulent Sky;Original Mix;UACT11200085;Andy Groove feat. The Splitslash;TARANENKO ANDREY ARMENOVYCH;
Always Upwards;Original Mix;UACT11200086;DJ Psycho;EVGENYEV ILYA IGOREVYCH;
Melodic;Original Mix;UACT11200087;DJ Soundlife;ERESHCHENKO EVGENIY ALEKSEEVYCH;
Mast To Be;Original Mix;UACT11200088;George Gee;ZHURBA ROMAN NIKOLAEVYCH;
Dropzone;Original Milky Way Mix;UACT11200089;Ikiro;KRASNOSHTAN SERGEY ANATOLIEVYCH;
Mirage;Original Mix;UACT11200090;PoLMaX & Igor Graphite;BOBONICH IGOR NIKOLAEVYCH | POLISHCHUK MAKSIM LEONIDOVYCH;
Qwerty;Original Mix;UACT11200091;PoLMaX & Igor Graphite;BOBONICH IGOR NIKOLAEVYCH | POLISHCHUK MAKSIM LEONIDOVYCH;
Breakthrough To Infinity;Original Mix;UACT11200092;Radana;LARENKOVA ELENA IGOREVNA;
Revolution;Original Mix;UACT11200093;Raynold;KOLOMOETS ANDREY NIKOLAEVYCH;
Small Miracle;Intro Mix;UACT11200094;Saphine;SAPIN SERGEY VADIMOVYCH;
Sky Level;Original Mix;UACT11200095;Shulo Mihael;SHILO MIKHAIL VASILIEVYCH;
The Night Sky;Original Mix;UACT11200096;Tony Kart feat. Andy Carey;NAGORNYY ALEKSANDR NIKOLAEVYCH;
Where Are You My Love;Original Mix;UACT11200097;Tony Kart feat. Andy Carey & Inteyes;NAGORNYY ALEKSANDR NIKOLAEVYCH;
My Angel;Original Mix;UACT11200098;Vyacheslav Demchenko;DEMCHENKO VYACHESLAV LEONIDOVYCH;
Summer End;Original Mix;UACT11200099;Alex Love;DIACHOK ALEKSEI SERGEEVYCH;
Happy Time;Original Mix;UACT11200100;Amarilyo;ZHELTENKO ALEKSANDR SERGEEVYCH;
Tiredness;Original Mix;UACT11200101;Amarilyo;ZHELTENKO ALEKSANDR SERGEEVYCH;
Sold Out;Original Mix;UACT11200102;Deepstereo;KOZAK SERGEY VITALYEVYCH | SADCHIKOV DENIS PAVLOVYCH;
Piece Of Paradise;Original Mix;UACT11200103;Georgos Dansio;TANTSIURA YURII VLADIMIROVYCH;
I Want You Back;Original Mix;UACT11200104;Georgos Dansio;TANTSIURA YURII VLADIMIROVYCH;
In The Music;Original Mix;UACT11200105;Neopoly Project;POLIAKOV DENIS VALENTINOVYCH;
Play;Original Mix;UACT11200106;Risepunk;BRASHOVETCKII VADIM VIKTOROVYCH;
Roads;Original Mix;UACT11200107;Sergey Fors;SHUMSKII SERGEI ALEKSANDROVYCH;
Little Wonder;Original Mix;UACT11200108;Slayter;GOLUB VIACHESLAV EDUARDOVYCH;
Disco, Disco;Original Mix;UACT11200109;Suvorov;BALTA SERGEI IGOREVYCH;
Lemon Juice;Original Mix;UACT11200110;Vitamindevil;KOCHKUROV VITALII SERGEEVYCH;
6 PM;Original Mix;UACT11200111;Yuri Petrovski;PETROVSKIY YURIY VALERYEVYCH;
Polivitamin;Original Mix;UACT11200112;Alexey Kuznetsov;KUZNETSOV ALEKSEI ALEKSEEVYCH;
Jumper;Full Dub Mix;UACT11200113;Mute Solo;SHKOROPATA ALEKSANDR IAROSLAVOVYCH;
The New Live;Original Mix;UACT11200114;Neopoly Project;POLIAKOV DENIS VALENTINOVYCH;
Spirit;Original Mix;UACT11200115;Rem-X;MOCHMAN VIACHESLAV YURIEVYCH;
Moor;Original Mix;UACT11200116;Riolie;NOVAK YURIY GRIGORIEVYCH;
2012 Life Goes On;Original Mix;UACT11200117;The Teplohod;IVASHCHENKO VITALII ANATOLEVYCH;
Infectious;Original Mix;UACT11200118;UA Kunyk;KUNYK ALEKSANDR SERGEEVYCH;
Illusion;Original Mix;UACT11200119;Vitamindevil;KUYDA IVAN VLADIMIROVYCH | KOCHKUROV VITALII SERGEEVYCH;
Metamorphosis;Original Mix;UACT11200120;Yuri Petrovski;PETROVSKIY YURIY VALERYEVYCH;
Fuking Construction;Original Mix;UACT11200121;Yuriy Bondarchuk;BONDARCHUK IURII GRIGOREVYCH;
Cocaine;Truati Remix;UACT10900198;Aquabeat feat. Rey-Na;KORETNYUK YURIY PETROVYCH;Truati
Ida;Original Mix;UACT11200059;DIGITALmusikanten;ROBERT KOCK | PHILIPP CHRISTIAN;
Ida;Sergio Mega Remix;UACT11200060;DIGITALmusikanten;ROBERT KOCK | PHILIPP CHRISTIAN;Sergio Mega
Revolution;Original Mix;UACT10900238;Yan Oxygen;KOLOMOETS ANDREY NIKOLAEVYCH;
System Off;Original Mix;UACT10900257;Yan Oxygen;CHUB YAN OLEGOVYCH;
Alive;Brutal Kids Remix;UACT11200073;Sergio Mega feat. Storm Tarrion;LAZAREV SERGIY GEORGIEVYCH;Brutal Kids
Alive;Esford Remix;UACT11200071;Sergio Mega feat. Storm Tarrion;LAZAREV SERGIY GEORGIEVYCH;Esford
Hands Up;Original Mix;UACT11200075;Slackers Project & Pirania;NAZARCHUK ROMAN YURYEVYCH;
Hands Up;Fely B Remix;UACT11200076;Slackers Project & Pirania;NAZARCHUK ROMAN YURYEVYCH;Fely B
Memories;Original Mix;UACT11200078;T.Fain;KIREEV TIMOFEY VLADIMIROVYCH;
Rush Impact;Original Mix;UACT11200122;Alex Bree;PIDPALNYI ALEKSEI VIKTOROVYCH;
Light Room;Original Mix;UACT11200123;Alex Love;DYACHOK ALEKSEY SERGEEVYCH;
Old Ways;Original Mix;UACT11200124;Alex Love;DYACHOK ALEKSEY SERGEEVYCH;
Laika;Original Mix;UACT11200125;Audiko;SLEPTCOV DENIS ANDREEVYCH;
Nature Life 2012;Club Mix;UACT11200126;Natlife feat. Andrius Klimka;LEUS IGOR STANISLAVOVYCH;
Beautiful World;Original Mix;UACT11200127;George Gee;ZHURBA ROMAN NIKOLAEVYCH;
Way To Dream;Original Mix;UACT11200128;George Gee;ZHURBA ROMAN NIKOLAEVYCH;
Twisted;Original Mix;UACT11200129;Igor Graphite;BOBONICH IGOR NIKOLAEVYCH;
Just Another Pearl;Full Of Starz Trance Prog Mix;UACT11200130;Ikiro;KRASNOSHTAN SERGEY ANATOLIEVYCH;
Six Months Of Love...;Original Mix;UACT11200131;Jaroslaw;KONONYKHIN YAROSLAV YURYEVYCH;
Northen Spirit;Original Mix;UACT11200132;Kain;MOCHMAN VIACHESLAV YURIEVYCH;
Deep Night;Original Mix;UACT11200133;Neopoly Project;POLIAKOV DENIS VALENTINOVYCH;
Summer;Original Mix;UACT11200134;Nick Off;NOVAK YURIY GRIGORIYEVYCH;
Salsa And Tequila;Original Mix;UACT11200135;DJ Yuriy Berliny;CHEBELIUK IURII IUREVYCH;
Morning Traffic;Original Mix;UACT11200136;Maka Men;MATVEEV ALEKSANDR SERGEEVYCH;
Eastern Air;Original Mix;UACT11200137;Maks Ssiver;RATOSHNIUK MAKSIM VITALEVYCH;
Pinto Groove;Extended Mix;UACT11200138;Masse;CHUZHDANOV PAVEL PAVLOVYCH;
TU;Original Mix;UACT11200139;Munkiez;SOLOMKA ANDREI VALERIEVYCH | MANKO ARTEM EDUARDOVYCH;
New Minimal House;Original Mix;UACT11200140;Neopoly Project;POLIAKOV DENIS VALENTINOVYCH;
Summer;Original Mix;UACT11200141;Riolie;NOVAK YURIY GRIGORIYEVYCH;
Radioactive;Original Mix;UACT11200142;Serg Barrakuda;KUTYA SERGEY VASILYEVYCH;
October;Original Mix;UACT11200143;Slayter;GOLUB VYACHESLAV EDUARDOVYCH | SOBUR DMITRIY ANATOLYEVYCH;
Autumn;Original Mix;UACT11200144;Yuri Petrovski;PETROVSKIY YURIY VALERYEVYCH;
Techssic;Original Mix;UACT11200145;Yuri Petrovski;PETROVSKIY YURIY VALERYEVYCH;
Great Spirit;Original Mix;UACT11300034;Kain & Ingvar;MOCHMAN VIACHESLAV YURIEVYCH;
My Mask;Original Mix;UACT11200147;Alexey Kuznetsov;KUZNETSOV ALEKSEI ALEKSEEVYCH;
Turn About;Original Mix;UACT11200146;Alan Fortis;CHERKASOV ALAN VALERIYEVYCH;
Porno Twist;Original Mix;UACT11200148;Amarilyo & Peter Und Der Wolf;ZHELTENKO ALEKSANDR SERGEEVYCH;
Force Majeure;Original Mix;UACT11200149;Aristos;DENISENKO ALEKSANDR YURYEVYCH;
Dance Of Shadows;Original Mix;UACT11200150;BrainNebula;KUMANIKIN VALERIY GENNADIYEVYCH;
World History;Original Mix;UACT11200151;DJ Ubee;KANDYBA YURIY DMITRIEVYCH;
Yellow & Magenta;Extended Mix;UACT11200152;Electroshock;REDKOLIS DMITRIY OLEGOVYCH;
I Want To Fly;Original Mix;UACT11200153;Gaspra;GONCHARENKO DENIS ANATOLYEVYCH;
Deep Down;Original Mix;UACT11200154;Igor Graphite;BOBONICH IGOR NIKOLAEVYCH;
My Kitty Song;Original Mix;UACT11200155;Queensway;SHVETS NIKOLAY ALEKSANDROVYCH;
Close To Outlands;Original Mix;UACT11200156;Shulo Mihael;SHILO MIKHAIL VASILIEVYCH;
Time Sheet;Original Mix;UACT11200157;Shurmenkoff;SHURMENKOV IGOR IGOREVYCH;
Trip To Infinity;Original Mix;UACT11200158;Amarilyo;ZHELTENKO ALEKSANDR SERGEEVYCH;
Avogadro;Original Mix;UACT11200159;Atom;SURKOV SERGEY KONSTANTINOVYCH;
Endless Sky;Original Mix;UACT11200160;Broukez;BUBNOV ANDREY VALENTINOVYCH;
Ray Of Light;Original Mix;UACT11200161;DJ KoT & V.Ray;KOTOV YAKOV ALEXANDROVYCH;
Fallen Earth;Original Mix;UACT11200162;DJ KoT;KOTOV YAKOV ALEXANDROVYCH;
Island;Original Mix;UACT11200163;Georgos Dansio;TANTSIURA YURII VLADIMIROVYCH;
Unique In The World;Original Mix;UACT11200164;Georgos Dansio;TANTSIURA YURII VLADIMIROVYCH;
Midnight Traffic;Original Mix;UACT11200165;Ikiro;KRASNOSHTAN SERGEY ANATOLIEVYCH;
Walk;Original Mix;UACT11200166;Light Dreams;SKIDAN ALEKSANDR PETROVYCH;
Goodbye, Summer!;Original Mix;UACT11200167;Magic Aquarius;KRIVOTSYUK VIKTOR VLADIMIROVYCH;
Deep Day;Original Mix;UACT11200168;Neopoly Project;POLIAKOV DENIS VALENTINOVYCH;
Healing;Original Mix;UACT11200169;Queensway;SHVETS NIKOLAY ALEKSANDROVYCH;
Deep State;Original Mix;UACT11200170;Raketa4000;CHERKASOV ARTEM VITALIYEVYCH;
Which One Is For The Soul;Original Mix;UACT11200171;Raketa4000;CHERKASOV ARTEM VITALIYEVYCH;
World Fun;Original Mix;UACT11300001;Alex Samoylenko;SAMOYLENKO ALEKSANDR SERGEYEVYCH;
In Da Base;Original Mix;UACT11300002;Dmitry Deep;YALOZA DMITRIY SERGEEVYCH;
Call To Action;Original Mix;UACT11300003;Electreefication;BELIK DMITRIY ALEKSANDROVYCH | PLATOVA VALERIYA ALEKSANDROVNA;
Epic Farewell;Original Mix;UACT11300004;Electroshock;REDKOLIS DMITRIY OLEGOVYCH | KASAP VADIM VLADIMIROVYCH;
Non Stop Sex;Original Mix;UACT11300005;Kasa Remixoff;BABENKO NIKOLAY OLEKSANDROVYCH;
Electronic;Original Mix;UACT11300006;Nickolo Works;KRASNOSHTAN SERGEY ANATOLIEVYCH;
Electronic Love;Original Mix;UACT11300007;Sha-ko;SHAPKOV DMITRIY SERGEYEVYCH;
I Just Want To Feel You;Original Mix;UACT11300008;Stanislav Kaligula;MAKSIMENKO STANISLAV EVGENYEVYCH;
Let's Rock;Original Mix;UACT11300009;Stanislav Keks;KOLESNIKOV STANISLAV ALEKSANDROVYCH;
Whistle Baby;Original Mix;UACT11300010;Tony Kart feat. Black Octopus;NAGORNYY ALEKSANDR NIKOLAEVYCH;
Coming Home;Original Mix;UACT11300011;Tye5;VARVAROV ANDREY ALEKSANDROVYCH;
Dark Light;Original Mix;UACT11300012;Alien;USACHEV STANISLAV KONSTANTINOVYCH;
Overheating;Original Mix;UACT11300013;Amarilyo;ZHELTENKO ALEKSANDR SERGEEVYCH;
Replacement Human;Original Mix;UACT11300014;Broukez;BUBNOV ANDREY VALENTINOVYCH;
Latte;Original Mix;UACT11300015;Georgos Dansio;TANTSIURA YURII VLADIMIROVYCH;
Your Morning Charge Of Cheerfulness;Original Mix;UACT11300016;Georgos Dansio;TANTSIURA YURII VLADIMIROVYCH;
Under The Electric Voltage;Original Mix;UACT11300017;Igor Graphite;BOBONICH IGOR NIKOLAEVYCH;
Sunny Kids;Original Mix;UACT11300018;Loony Soul;DOVBYSH YURIY VASILYEVYCH;
Let Your Body Move;Original Mix;UACT11300019;Narayana;NADRAGA OREST BOGDANOVYCH;
Path To The Sea;Original Mix;UACT11300020;Queensway;SHVETS NIKOLAY ALEKSANDROVYCH;
S. I. T. F.;Original Mix;UACT11300021;Yuri Petrovski;PETROVSKIY YURIY VALERYEVYCH;
Kharkov;Original Mix;UACT11300022;Yan Oxygen;CHUB YAN OLEGOVYCH;
Kharkov;Klaster Remix;UACT11300023;Yan Oxygen;CHUB YAN OLEGOVYCH;Klaster
Kharkov;Sunheat Remix;UACT11300024;Yan Oxygen;CHUB YAN OLEGOVYCH;Sunheat
Kharkov;BiohazArt Remix;UACT11300025;Yan Oxygen;CHUB YAN OLEGOVYCH;Biohazart
Kharkov;Andy Mart Remix;UACT11300026;Yan Oxygen;CHUB YAN OLEGOVYCH;Andy Mart
Calling Your Name;Original Mix;UACT11300027;Day&Night DeeJays feat. Kate Lessing;BADYUROV KIRILL GENNADYEVYCH;
Calling Your Name;Cloudlys Remix;UACT11300028;Day&Night DeeJays feat. Kate Lessing;BADYUROV KIRILL GENNADYEVYCH;Cloudlys
Calling Your Name;Dmitry Molosh Remix;UACT11300029;Day&Night DeeJays feat. Kate Lessing;BADYUROV KIRILL GENNADYEVYCH;Dmitry Molosh
Calling Your Name;Dmitry Molosh Dub Remix;UACT11300030;Day&Night DeeJays feat. Kate Lessing;BADYUROV KIRILL GENNADYEVYCH;Dmitry Molosh
Incredible Love;Original Mix;UACT11300031;Sueal;HERNANDEZ JOSUE;
48 24;Original Mix;UACT11300032;Veleev;PEREVOZCHIKOV VLADISLAV NIKOLAYEVYCH;
Aswem Harps;Original Mix;UACT11300033;Mamay;DYAKIV YAROSLAV PETROVYCH;
Tigers;Original Mix;UACT11300035;Heal;CARTER KAMARI | JONES MATTHEW;
Azizam;Original Mix;UACT11300036;Heal;CARTER KAMARI | JONES MATTHEW;
Virginity;Original Mix;UACT11300037;Heal;CARTER KAMARI | JONES MATTHEW;
Transatlantic Tunnel;Original Mix;UACT11300038;Tim Deetakt;SCHOENMAKERS TIM;
9 Inch;Original Mix;UACT11300039;Ninohengst;BOEGEL NINO;
Red Rum;Original Mix;UACT11300040;Pablo Caballero;CABALLERO PABLO;
About You;Original Mix;UACT11300041;Esford;LYMARENKO VITALY VIKTOROVYCH;
About You;Maxim Play Remix;UACT11300042;Esford;LYMARENKO VITALY VIKTOROVYCH;Maxim Play
About You;Deepstereo Remix;UACT11300043;Esford;LYMARENKO VITALY VIKTOROVYCH;Deepstereo
Moor;Original Mix;UACT11200116;Riolie;NOVAK YURIY GRIGORIEVYCH;
Let Your Body Move;Original Mix;UACT11300019;Narayana;NADRAGA OREST BOGDANOVYCH;
Avogadro;Original Mix;UACT11200159;Atom;SURKOV SERGEY KONSTANTINOVYCH;
Midnight Traffic;Original Mix;UACT11200165;Ikiro;KRASNOSHTAN SERGEY ANATOLIEVYCH;
Path To The Sea;Original Mix;UACT11300020;Queensway;SHVETS NIKOLAY ALEKSANDROVYCH;
Which One Is For The Soul;Original Mix;UACT11200171;Raketa4000;CHERKASOV ARTEM VITALIYEVYCH;
Summer End;Original Mix;UACT11200099;Alex Love;DIACHOK ALEKSEI SERGEEVYCH;
In Da Base;Original Mix;UACT11300002;Dmitry Deep;YALOZA DMITRIY SERGEEVYCH;
Happy Time;Original Mix;UACT11200100;Amarilyo;ZHELTENKO ALEKSANDR SERGEEVYCH;
Deep Day;Original Mix;UACT11200168;Neopoly Project;POLIAKOV DENIS VALENTINOVYCH;
Piece Of Paradise;Original Mix;UACT11200103;Georgos Dansio;TANTSIURA YURII VLADIMIROVYCH;
Old Ways;Original Mix;UACT11200124;Alex Love;DYACHOK ALEKSEY SERGEEVYCH;
Porno Twist;Original Mix;UACT11200148;Amarilyo & Peter Und Der Wolf;ZHELTENKO ALEKSANDR SERGEEVYCH;
Autumn;Original Mix;UACT11200144;Yuri Petrovski;PETROVSKIY YURIY VALERYEVYCH;
Qwerty;Original Mix;UACT11200091;PoLMaX & Igor Graphite;BOBONICH IGOR NIKOLAEVYCH | POLISHCHUK MAKSIM LEONIDOVYCH;
Doppler;Original Mix;UACT11200018;Bob Fanzidon;MELNIK BOGDAN VLADIMIROVYCH;
Export;Original Mix;UACT11200019;Roman Sweet;BROVKIN ROMAN ROMANOVYCH;
Proof;Original Mix;UACT11200020;Mechanical Wave;SOLOMKA ANDREY VALERIEVYCH | MANKO ARTEM EDUARDOVYCH;
Toys;Original Mix;UACT11200021;El Sam & Dave Droid;KUPLEN SAM | VOGRIN DAVORIN;
Lost In Jordan;Original Mix;UACT11300044;Maxim Play;KOVALEV MAKSIM ALEKSANDROVYCH;
Base;Original Mix;UACT11300045;Heal;CARTER KAMARI | JONES MATTHEW;
Something;Original Mix;UACT11300046;Dima Leon4ik;KANUNNIKOV DMITRY MICKHAYLOVYCH;
Kharkov;Klaster Remix;UACT11300023;Yan Oxygen;CHUB YAN OLEGOVYCH;Klaster
Kharkov;Original Mix;UACT11300022;Yan Oxygen;CHUB YAN OLEGOVYCH;
Ink;Original Mix;UACT11200050;Bockscar;POKATASHKIN IGOR OLEGOVYCH;
Virginity;Original Mix;UACT11300037;Heal;CARTER KAMARI | JONES MATTHEW;
Evissa Night;Original Mix;UACT11200083;Marfel;ARDUINI FELICE;
About You;Deepstereo Remix;UACT11300043;Esford;LYMARENKO VITALY VIKTOROVYCH;Deepstereo
Hands Up;Dima Leon4ik Remix;UACT11200077;Slackers Project & Pirania;NAZARCHUK ROMAN YURYEVYCH;Dima Leon4ik
High Clouds;Original Mix;UACT11200041;Dee Mares;CHALYI DMITRYI ANATOLIEVYCH;
WGI;Original Mix;UACT11200001;Cheise;CHUPRYNIN ILYA SERGEEVYCH;
Kinetic;Brutal Kids Remix;UACT11200058;Brutal Kids;DERNOVOY VITALIY NIKOLAEVYCH;Brutal Kids
All The Heroes Are Dead;Original Mix;UACT11300047;Yan Oxygen;CHUB YAN OLEGOVYCH;
All The Heroes Are Dead;Heal Remix;UACT11300050;Yan Oxygen;CHUB YAN OLEGOVYCH;Heal
All The Heroes Are Dead;Pablo Caballero Remix;UACT11300048;Yan Oxygen;CHUB YAN OLEGOVYCH;Pablo Caballero
All The Heroes Are Dead;Kain Remix;UACT11300049;Yan Oxygen;CHUB YAN OLEGOVYCH;Kain
Bingo;Original Mix;UACT11300051;James Laben;PATSERA EUGENE ALEKSANDROVYCH;
Bingo;Epic Therapy Remix;UACT11300052;James Laben;PATSERA EUGENE ALEKSANDROVYCH;Epic Therapy
Bingo;Gitech Remix;UACT11300053;James Laben;PATSERA EUGENE ALEKSANDROVYCH;Gitech
Pushed;Original Mix;UACT11300054;Marcio Morales;MORALES MARCIO;
Reject It;Original Mix;UACT11300055;Roman Sweet;BROVKIN ROMAN ROMANOVYCH;
Shadow Dance;Original Mix;UACT11300056;Slark & Feyser;UMEROV ZARETDIN RYSLANOVYCH;
Eruption;Original Mix;UACT11300057;Jaroslaw;KONONYKHIN YAROSLAV YURYEVYCH;
Deep Inside;Original Mix;UACT11300058;Jaroslaw;KONONYKHIN YAROSLAV YURYEVYCH | SURKOV SERGEY KONSTANTINOVYCH;
Kate;Original Mix;UACT11300059;NEBULA(UA);HANIN ARTEM GENNADIEVYCH;
Spring Snow;Original Mix;UACT11300060;Maxim Play;KOVALEV MAKSIM ALEKSANDROVYCH;
Red Moon;Original Mix;UACT11300061;Kirunchell;MALCHENKO KIRILL VLADIMIROVYCH;
Mars;Original Mix;UACT11300062;Terry Raze;RYMAR TARAS GRIGORYEVYCH;
Solid Ground;Original Mix;UACT11300063;Terry Raze;RYMAR TARAS GRIGORYEVYCH;
Vagator;Extended Mix;UACT11300064;Sergio Mega;LAZAREV SERGIY GEORGIEVYCH;
Vagator;Amarilyo Remix;UACT11300065;Sergio Mega;LAZAREV SERGIY GEORGIEVYCH;Amarilyo
Vagator;Kain Remix;UACT11300066;Sergio Mega;LAZAREV SERGIY GEORGIEVYCH;Kain
East;Original Mix;UACT11300067;Deepstereo;KOZAK SERGEY VITALYEVYCH;
West;Original Mix;UACT11300068;Deepstereo;KOZAK SERGEY VITALYEVYCH;
Sister;Original Mix;UACT11300069;Heal;CARTER KAMARI | JONES MATTHEW;
Sister;Amarilyo Remix;UACT11300070;Heal;CARTER KAMARI | JONES MATTHEW;Amarilyo
Sister;Deepstereo Remix;UACT11300071;Heal;CARTER KAMARI | JONES MATTHEW;Deepstereo
Sister;Maxim Play Remix;UACT11300072;Heal;CARTER KAMARI | JONES MATTHEW;Maxim Play
The Hangover;Original Mix;UACT11300073;Aquabeat;ZHIRNOV MAKSIM ALEKSANDROVYCH | DOSCHINSKIY MAKSIM VIKTOROVYCH;
The Hangover;Sueal Remix;UACT11300074;Aquabeat;ZHIRNOV MAKSIM ALEKSANDROVYCH | DOSCHINSKIY MAKSIM VIKTOROVYCH;Sueal
The Hangover;Sadder Remix;UACT11300075;Aquabeat;ZHIRNOV MAKSIM ALEKSANDROVYCH | DOSCHINSKIY MAKSIM VIKTOROVYCH;Sadder
The Hangover;Dima Leon4ik Remix;UACT11300076;Aquabeat;ZHIRNOV MAKSIM ALEKSANDROVYCH | DOSCHINSKIY MAKSIM VIKTOROVYCH;Dima Leon4ik
System Error;Original Mix;UACT11300080;Dee Mares;CHALYI DMITRYI ANATOLIEVYCH;
Divine Rhinoceros;Original Mix;UACT11300081;Tim Deetakt;SCHOENMAKERS TIM;
Weightlessness;Original Mix;UACT11300082;Second Stage;DENIS OLEG TARASOVYCH | STOLYAR SERGEY IGOREVYCH;
Fickle Temper;Original Mix;UACT11300083;Komplektov;KOMPLEKTOV SERGEY NICKOLAEVYCH;
Rewind The Tape;Original Mix;UACT11300084;Monovakzin;REZNICHENKO ROMAN VLADIMIROVYCH;
Live Together;Original Mix;UACT11300085;Rousing;GONCHARUK OLEG ANATOLIEVYCH;
Stereoland;Ornamental Mix;UACT11300086;Sergio Mega;LAZAREV SERGIY GEORGIEVYCH;
Stereoland;Carl Bee Remix;UACT11300087;Sergio Mega;LAZAREV SERGIY GEORGIEVYCH;Carl Bee
All The Heroes Are Dead;Original Mix;UACT11300047;Yan Oxygen;CHUB YAN OLEGOVYCH;
Sister;Deepstereo Remix;UACT11300071;Heal;CARTER KAMARI | JONES MATTHEW;Deepstereo
The Hangover;Sadder Remix;UACT11300075;Aquabeat;ZHIRNOV MAKSIM ALEKSANDROVYCH | DOSCHINSKIY MAKSIM VIKTOROVYCH;Sadder
Vagator;Kain Remix;UACT11300066;Sergio Mega;LAZAREV SERGIY GEORGIEVYCH;Kain
Solid Ground;Original Mix;UACT11300063;Terry Raze;RYMAR TARAS GRIGORYEVYCH;
Mars;Original Mix;UACT11300062;Terry Raze;RYMAR TARAS GRIGORYEVYCH;
Divine Rhinoceros;Original Mix;UACT11300081;Tim Deetakt;SCHOENMAKERS TIM;
All The Heroes Are Dead;Heal Remix;UACT11300050;Yan Oxygen;CHUB YAN OLEGOVYCH;Heal
Bingo;Original Mix;UACT11300051;James Laben;PATSERA EUGENE ALEKSANDROVYCH;
Live Together;Original Mix;UACT11300085;Rousing;GONCHARUK OLEG ANATOLIEVYCH;
Bingo;Gitech Remix;UACT11300053;James Laben;PATSERA EUGENE ALEKSANDROVYCH;Gitech
Rewind The Tape;Original Mix;UACT11300084;Monovakzin;REZNICHENKO ROMAN VLADIMIROVYCH;
Sister;Original Mix;UACT11300069;Heal;CARTER KAMARI | JONES MATTHEW;
I'm In Love;Original Mix;UACT11300088;Roman Sweet;BROVKIN ROMAN ROMANOVYCH;
Keep On Trying;Original Mix;UACT11300089;Roman Sweet;BROVKIN ROMAN ROMANOVYCH;
Hope You're Enjoying This Music;Original Mix;UACT11300090;Roman Sweet;BROVKIN ROMAN ROMANOVYCH;
Dark Castle;Original Mix;UACT11300091;Alexey Kuznetsov;KUZNETSOV ALEKSEI ALEKSEEVYCH;
First Step;Original Mix;UACT11300092;Alien;USACHEV STANISLAV KONSTANTINOVYCH;
Goodbye Planet Earth;Original Mix;UACT11300093;Amarilyo;ZHELTENKO ALEXANDER SERGEEVYCH;
Zozulenko;Original Mix;UACT11300094;Bulbajar;REZNICHENKO ROMAN VLADIMIROVYCH;
Zzzabraman;Original Mix;UACT11300095;Bulbajar;REZNICHENKO ROMAN VLADIMIROVYCH;
En Route;Original Mix;UACT11300096;Cloudlys;DYACHOK ALEKSEY SERGEYEVYCH;
Charm;Original Mix;UACT11300097;Dionika;ZHUK YEVGENIY ANATOLYEVYCH;
A State Of Mind;Original Mix;UACT11300098;DY (Dmitriy Yusupov);YUSUPOV DMITRIY VLADIMIROVYCH;
Rock Me;Original Mix;UACT11300099;Globain;PRUSHCHIK ARTEM GENNADYEVYCH;
Waves;Original Mix;UACT11300100;Lightdreams;SKIDAN ALEKSANDR PETROVYCH;
Clown;Original Mix;UACT11300101;Plane Dead feat. Tangerine;TIMCHENKO DMITRIY ANDREYEVYCH;
Like This;Original Mix;UACT11300102;Yuri Petrovski;PETROVSKIY YURIY VALERYEVYCH;
Loopy;Original Mix;UACT11300103;Alan Fortis;CHERKASOV ALAN VALERIEVYCH;
One Hundred Black Suns;Original Mix;UACT11300104;Amarilyo & Peter Und Der Wolf;ZHELTENKO ALEXANDER SERGEEVYCH;
Funky Drop;Original Mix;UACT11300105;Artemy Cheros;CHERKASOV ARTEM VITALYEVYCH;
Red Lines;Original Mix;UACT11300106;BrainNebula;KUMANIKIN VALERIY GENNADIEVYCH;
Want To Be;Original Mix;UACT11300107;Cloudlys;DYACHOK ALEKSEY SERGEYEVYCH;
Feel It;Original Mix;UACT11300108;Deepstereo;KOZAK SERGEY VITALYEVYCH;
Jobs;Original Mix;UACT11300109;DJ Ubee;KANDYBA YURIY DMITRIEVYCH;
Silicone Guitar;Original Mix;UACT11300110;Georgos Dansio;TANTSIURA YURII VLADIMIROVYCH;
World Passing By;Original Mix;UACT11300111;Glittering Puzzle & Stanlie Diaz Feat. Oleg Cheb;GAVRUSHCHENKO VLADIMIR ALEKSANDROVYCH;
TooDoom;Original Mix;UACT11300112;Maka Men;MATVEEV ALEKSANDR SERGEEVYCH;
The Sounds Of The Moon;Original Mix;UACT11300113;Neopoly Project;POLIAKOV DENIS VALENTINOVYCH;
Feel The Groove;Original Mix;UACT11300114;Risepunk;BRASHOVETSKIY VADIM VIKTOROVYCH;
Baloon;Original Mix;UACT11300115;Sergey Fors;SHUMSKIY SERGEY ALEKSANDROVYCH;
Autumn Blues;Original Mix;UACT11300116;Sha-ko;SHAPKOV DMITRIY SERGEYEVYCH;
Futuris;Original Mix;UACT11300117;Slater;GOLUB VYACHESLAV EDUARDOVYCH;
Touched By An Angel;Original Mix;UACT11300118;Vitalii Sky;IVASHCHENKO VITALIY ANATOLYEVYCH;
Oceano;Original Mix;UACT11300119;Alexey Kuznetsov;KUZNETSOV ALEKSEI ALEKSEEVYCH;
Dakota 08;Original Mix;UACT11300120;BBM II;MATLAKH NIKOLAY ANATOLYEVYCH;
Digital Mind Analog Soul;Original Mix;UACT11300121;DJ KoT;KOTOV YAKOV ALEKSANDROVYCH;
Deep Space;Original Mix;UACT11300122;Igor Graphite;BOBONICH IGOR NIKOLAEVYCH;
Metafora;Original Mix;UACT11300123;Johnny Key & Ykill;KIRYAN YEVGENIY GRIGORYEVYCH | YAKIMENKO KIRILL SERGEYEVYCH;
Take You Home;Original Mix;UACT11300124;Klaster;KOVTUN VITALIY VIKTOROVYCH;
Die Jay;Original Mix;UACT11300125;Mute Solo;SHKOROPATA ALEKSANDR IAROSLAVOVYCH;
The Dance Of The Dark;Original Mix;UACT11300126;Neopoly Project;POLIAKOV DENIS VALENTINOVYCH;
The Road To Dreams;Original Mix;UACT11300127;Neopoly Project;POLIAKOV DENIS VALENTINOVYCH;
Mechanics;Original Mix;UACT11300128;Riolie;NOVAK YURIY GRIGORIEVYCH;
I'm Controlling Your Mind;Original Mix;UACT11300129;Roman Sweet;BROVKIN ROMAN ROMANOVYCH;
Rare Sequences;Original Mix;UACT11300130;Sluice;SLESARENKO SERGEY ALEKSANDROVYCH;
Begining;Original Mix;UACT11300131;Synth Etic;TRONCHUK SERGEY ALEKSEYEVYCH;
Deep Breath;Original Mix;UACT11300132;Yuri Petrovski;PETROVSKIY YURIY VALERYEVYCH;
I Can't Contol It;Original Mix;UACT11300133;Yan Oxygen;CHUB YAN OLEGOVYCH;
Kaleidoscope;Original Mix;UACT11300134;Yan Oxygen;CHUB YAN OLEGOVYCH;
Solio;Original Mix;UACT11300135;Yan Oxygen;CHUB YAN OLEGOVYCH;
Deeper Dnieper;Original Mix;UACT11300136;Sergio Mega;LAZAREV SERGIY GEORGIEVYCH;
Deeper Dnieper;Pablo Caballero Remix;UACT11300137;Sergio Mega;LAZAREV SERGIY GEORGIEVYCH;Pablo Caballero
Deeper Dnieper;Kirunchell Remix;UACT11300138;Sergio Mega;LAZAREV SERGIY GEORGIEVYCH;Kirunchell
Deeper Dnieper;Heal Remix;UACT11300139;Sergio Mega;LAZAREV SERGIY GEORGIEVYCH;Heal
Opening;Original Mix;UACT11300140;Sergio Mega;LAZAREV SERGIY GEORGIEVYCH;
Opening;Kirunchell Mix;UACT11300141;Sergio Mega;LAZAREV SERGIY GEORGIEVYCH;Kirunchell
Opening;Duart Jansen Vs. North & Funk Mix;UACT11300142;Sergio Mega;LAZAREV SERGIY GEORGIEVYCH;Duart Jansen | North & Funk
The Hangover;Sadder Remix;UACT11300075;Aquabeat;ZHIRNOV MAKSIM ALEKSANDROVYCH | DOSCHINSKIY MAKSIM VIKTOROVYCH;Sadder
Sister;Deepstereo Remix;UACT11300071;Heal;CARTER KAMARI | JONES MATTHEW;Deepstereo
Virginity;Original Mix;UACT11300037;Heal;CARTER KAMARI | JONES MATTHEW;
Midnight Traffic;Original Mix;UACT11200165;Ikiro;KRASNOSHTAN SERGEY ANATOLIEVYCH;
Stereoland;Carl Bee Remix;UACT11300087;Sergio Mega;LAZAREV SERGIY GEORGIEVYCH;Carl Bee
Vagator;Kain Remix;UACT11300066;Sergio Mega;LAZAREV SERGIY GEORGIEVYCH;Kain
Solid Ground;Original Mix;UACT11300063;Terry Raze;RYMAR TARAS GRIGORYEVYCH;
All The Heroes Are Dead;Original Mix;UACT11300047;Yan Oxygen;CHUB YAN OLEGOVYCH;
Kharkov;Klaster Remix;UACT11300023;Yan Oxygen;CHUB YAN OLEGOVYCH;Klaster
Autumn;Original Mix;UACT11200144;Yuri Petrovski;PETROVSKIY YURIY VALERYEVYCH;
Shaman;Original Mix;UACT11300143;Alexey Kuznetsov;KUZNETSOV ALEKSEI ALEKSEEVYCH;
Ishtar;Original Mix;UACT11300144;Amarilyo & Peter Und Der Wolf;ZHELTENKO ALEXANDER SERGEEVYCH;
Bass Thump;Original Mix;UACT11300145;BBM II;MATLAKH NIKOLAY ANATOLYEVYCH;
Mad Glue;Original Mix;UACT11300146;Frozen;SHPAKOV NIKOLAY ALEKSANDROVYCH;
Bass Is Angry;Original Mix;UACT11300147;Masse;CHUZHDANOV PAVEL PAVLOVYCH;
Rhythms Of Flute;Original Mix;UACT11300148;Masse;CHUZHDANOV PAVEL PAVLOVYCH;
Hypnotic Eternity;Original Mix;UACT11300149;Mute Solo;SHKOROPATA ALEKSANDR IAROSLAVOVYCH;
I Can't Stop;Original Mix;UACT11300150;Neopoly Project;POLIAKOV DENIS VALENTINOVYCH;
Spring;Original Mix;UACT11300151;Neopoly Project;POLIAKOV DENIS VALENTINOVYCH;
The Rain;Original Mix;UACT11300152;Neopoly Project;POLIAKOV DENIS VALENTINOVYCH;
Stend;Original Mix;UACT11300153;Riolie;NOVAK YURIY GRIGORIEVYCH;
Gold Sand;Original Mix;UACT11300154;Sluice;SLESARENKO SERGEY ALEKSANDROVYCH;
Lier;Original Mix;UACT11300155;Sluice;SLESARENKO SERGEY ALEKSANDROVYCH;
Inside;Original Mix;UACT11300156;Alex Love;DYACHOK ALEKSEY SERGEEVYCH;
Wolfy Maiden;Original Mix;UACT11300157;Amarilyo & Peter Und Der Wolf;ZHELTENKO ALEXANDER SERGEEVYCH;
Last Moonlight;Original Mix;UACT11300158;Andy Groove & Asheria feat. Syntheticsax;TARANENKO ANDREY ARMENOVYCH;
Nu Sun;Original Mix;UACT11300159;Artemy Cheros;CHERKASOV ARTEM VITALYEVYCH;
History;Original Mix;UACT11300160;Artemy Cheros & Slayter;CHERKASOV ARTEM VITALYEVYCH;
Morning Clouds;Original Mix;UACT11300161;Atom;SURKOV SERGEY KONSTANTINOVYCH;
Fast Rising;Original Mix;UACT11300162;Broukez;BUBNOV ANDREY;
Soft Swing;Original Mix;UACT11300163;Flying People;MALCHENKO KIRILL VLADIMIROVYCH;
Specks Of Moonlight;Original Mix;UACT11300164;Flying People feat. Vlada Lefor;MALCHENKO KIRILL VLADIMIROVYCH;
City;Original Mix;UACT11300165;Futura;MAKHMUDOV EMIL ARABKHAN OGLY;
My Dream;Original Mix;UACT11300166;George Gee;KONONYKHIN YAROSLAV YURYEVYCH | ZHURBA ROMAN NIKOLAEVYCH;
...Ideas From The Heart;Original Mix;UACT11300167;Georgos Dansio;TANTSYURA YURIY VLADIMIROVYCH;
The Dolphin's Paradise;Original Mix;UACT11300168;Magic Aquarius;KRIVOTSYUK VIKTOR VLADIMIROVYCH;
Pretty Lights;Original Mix;UACT11300169;Yuri Petrovski;PETROVSKIY YURIY VALERYEVYCH;
On Fire;Original Mix;UACT11400001;Alex Love;DYACHOK ALEKSEY SERGEEVYCH;
Waiting For You;Original Mix;UACT11400002;Chilna feat. Virginia Troy;CHELNOKOV ALEKSANDR ALEKSANDROVYCH | BRASHOVETSKIY VADIM VIKTOROVYCH;
Rolling;Original Mix;UACT11400003;Cloudlys;PEREVOZCHIKOV VLADYSLAV MYKOLAYOVYCH | DYACHOK ALEKSEY SERGEEVYCH;
Soul Noise;Original Mix;UACT11400004;Costel Van Dein;ZAGORYUK NAZARIY VIKTOROVYCH;
Wizard;Original Mix;UACT11400005;Dionika;ZHUK YEVGENIY ANATOLYEVYCH;
I Miss You;Original Mix;UACT11400006;DJ Ubee;KANDYBA YURIY DMITRIEVYCH;
Robotics;Original Mix;UACT11400007;Dog Off;DOLGOV MAKSIM SERGEYEVYCH;
Firefly;Original Mix;UACT11400008;Georgos Dansio;TANTSYURA YURIY VLADIMIROVYCH;
The Memory;Original Mix;UACT11400009;Igor Graphite;BOBONICH IGOR NIKOLAEVYCH;
Global Experiment;Original Mix;UACT11400011;Neopoly Project;POLIAKOV DENIS VALENTINOVYCH;
Andromeda;Original Mix;UACT11400012;Nick Off;KOTOV YAKOV ALEKSANDROVYCH | OVCHINNIKOV VYACHESLAV OLEGOVYCH;
Sunrise;Original Mix;UACT11400013;Soundlife;MINEO MARCELLO | YERESHCHENKO YEVGENIY ALEKSEYEVYCH | KULINICH ALEKSEI NIKOLAEVYCH | SLESARENKO SERGEY ALEKSANDROVYCH;
Sunset;Original Mix;UACT11400014;Stanislav Keks;KOLESNIKOV STANISLAV ALEKSANDROVYCH;
Astra;Original Mix;UACT11400015;Technolog;BONDARENKO VASILIY YURIEVYCH;
Sweetheart Aggression;Original Mix;UACT11400016;DizFedor;FEDORENKO YAROSLAV NIKOLAYEVYCH;
Late Night;Original Mix;UACT11400017;Fabio Flanger & Kirunchell;SHAKSHK MOKHAMED;
Hands Up;Original Mix;UACT11400018;Flip;NAZARCHUK ROMAN YURYEVYCH;
Get Down;Original Mix;UACT11400019;Igor Graphite;LAZAREV SERGIY GEORGIEVYCH | BOBONICH IGOR NIKOLAEVYCH;
I Wanna Love U;Original Mix;UACT11400020;Kasa Remixoff feat Nika Lenina;KASAP VADIM VLADIMIROVYCH;
Vanilla;Original Mix;UACT11400021;Montee;FROLOV SERGEY VITALYEVYCH;
Enrichment Of Peace;Original Mix;UACT11400022;PoLMaX;POLISHCHUK MAKSIM LEONIDOVYCH;
Shock;Original Mix;UACT11400023;Prokop;PROKOPISHIN BOGDAN NIKOLAYEVYCH;
Chasm;Original Mix;UACT11400024;RezQ Sound;SHTANKO ANTON SERGEYEVYCH | BERESNEV ANTON ALEKSANDROVYCH;
Cry It Up;Original Mix;UACT11400025;Sasha Nekols;STEPANENKO ALEKSANDR NIKOLAYEVYCH;
Don't Stop (2013 Club Edition);Original Mix;UACT11400026;Serg Barrakuda;KUTYA SERGEY VASILYEVYCH;
Lunar Flight;Original Mix;UACT11400027;Slayter;GOLUB VYACHESLAV EDUARDOVYCH;
Lunapark;Original Mix;UACT11400028;Amarilyo;ZHELTENKO ALEXANDER SERGEEVYCH;
Sounds Of The Universe;Original Mix;UACT11400029;Aristos;DENISENKO ALEKSANDR YURYEVYCH;
Jahcame;Original Mix;UACT11400030;Bulbajar;REZNICHENKO ROMAN VLADIMIROVYCH;
Fly;Original Mix;UACT11400031;Coxy Panda;BOBONICH IGOR NIKOLAEVYCH | SAKHNO YURIY VLADIMIROVYCH;
Dub Girl;Original Mix;UACT11400032;Dog Off;DOLGOV MAKSIM SERGEYEVYCH;
For Basics;Original Mix;UACT11400033;Electroshock;REDKOLIS DMITRIY OLEGOVYCH;
Hysteria;Original Mix;UACT11400034;Electroshock;REDKOLIS DMITRIY OLEGOVYCH;
Get Slow;Original Mix;UACT11400035;Futura;SOBUR DMITRIY ANATOLYEVYCH;
Moon Light;Original Mix;UACT11400036;Lightdreams;SKIDAN ALEKSANDR PETROVYCH;
Harmony;Original Mix;UACT11400037;Lithium;PRIKHODKO VLADISLAV VITALYEVYCH;
Flying In The Storm;Original Mix;UACT11400038;Magic Aquarius;KRIVOTSYUK VIKTOR VLADIMIROVYCH;
Aug.13;Original Mix;UACT11400039;Max Sajnev;SAZHNEV MAKSIM SERGEYEVYCH;
Quarrel;Original Mix;UACT11400040;Gaspra & Shaman Brothers;GONCHARENKO DENIS ANATOLYEVYCH;
Distance Does Not Matter;Original Mix;UACT11400041;Synth Etic;TRONCHUK SERGEY ALEKSEYEVYCH;
Through September;Original Mix;UACT11400042;Synth Etic;TRONCHUK SERGEY ALEKSEYEVYCH;
Dialog;Original Mix;UACT11400043;Alexey Kuznetsov;KUZNETSOV ALEKSEI ALEKSEEVYCH;
Dream Night;Original Mix;UACT11400044;Amind Two Guys;FROLOV KONSTANTIN VITALYEVYCH;
Eternity;Original Mix;UACT11400045;Amind Two Guys;FROLOV KONSTANTIN VITALYEVYCH;
Night Stations;Original Mix;UACT11400046;Andy Groove ft. Asheria & Julia Lav;TARANENKO ANDREY ARMENOVYCH;
Birthday;Original Mix;UACT11400051;Sluice;SLESARENKO SERGEY ALEKSANDROVYCH;
New Day, New Discoveries;Original Mix;UACT11400052;State4;KURBANOV RUSTAM MAKHSUBOVYCH;
Summer Fresh;Original Mix;UACT11400053;Tim Lighterz;PYATANCHUKOV IGOR ALEKSANDROVYCH;
Green Peace;Original Mix;UACT11400054;Vitaliy Shot;IVANEYKO VITALIY EVGENYEVYCH;
My Marvellous Dream;Original Mix;UACT11400055;Vyacheslav Demchenko;DEMCHENKO VYACHESLAV LEONIDOVYCH;
Step To Harmony;Original Mix;UACT11400048;Viktor Dance;DEMYANENKO VIKTOR ANATOLYEVYCH;
We Are;Original Mix;UACT11400049;George Gee;ZHURBA ROMAN NIKOLAEVYCH;
Walk Of Imagination;Original Mix;UACT11400050;Radana;LARENKOVA ELENA IGOREVNA;
When A Sun Is Replaced By Lunar;Original Mix;UACT11400047;DJ Dimmy Way;MARCHISHIN DMITRIY PETROVYCH;
Tripping;Original Mix;UACT11400056;DIGITALmusikanten;KOCK ROBERT | CHRISTIAN PHILIPP;
Tripping;Heal Remix;UACT11400057;DIGITALmusikanten;KOCK ROBERT | CHRISTIAN PHILIPP;Heal
Tripping;Rousing Remix;UACT11400058;DIGITALmusikanten;KOCK ROBERT | CHRISTIAN PHILIPP;Rousing
Tripping;Pablo Caballero Remix;UACT11400059;DIGITALmusikanten;KOCK ROBERT | CHRISTIAN PHILIPP;Pablo Caballero
Tripping;Neopoly Project Remix;UACT11400060;DIGITALmusikanten;KOCK ROBERT | CHRISTIAN PHILIPP;Neopoly Project
Touch My Hand;Original Mix;UACT11400061;Monovakzin;REZNICHENKO ROMAN VLADIMIROVYCH;
Time Machine;Original Mix;UACT11400062;Oleg Stuff;SEREBRIAKOV OLEG;
One Way Ticket;Original Mix;UACT11400063;Rousing;GONCHARUK OLEG ANATOLIEVYCH;
Funky Train;Original Mix;UACT11400064;Voltereto;GUIJARRO JOSE ANTONIO;
Funky Train;Amarilyo Remix;UACT11400065;Voltereto;GUIJARRO JOSE ANTONIO;Amarilyo
Funky Train;Oleg Stuff Remix;UACT11400066;Voltereto;GUIJARRO JOSE ANTONIO;Oleg Stuff
Funky Train;Neopoly Project Remix;UACT11400067;Voltereto;GUIJARRO JOSE ANTONIO;Neopoly Project
Endorphine;Original Mix;UACT11400068;Mute Solo;SHKOROPATA ALEXANDER YAROSLAVOVYCH;
Endorphine;Ilisho Groupe Remix;UACT11400069;Mute Solo;SHKOROPATA ALEXANDER YAROSLAVOVYCH;Ilisho Groupe
Endorphine;Oxy Beat Remix;UACT11400070;Mute Solo;SHKOROPATA ALEXANDER YAROSLAVOVYCH;Oxy Beat
Endorphine;Re-Dub;UACT11400071;Mute Solo;SHKOROPATA ALEXANDER YAROSLAVOVYCH;Mute Solo
Pretty Lights;Original Mix;UACT11300169;Yuri Petrovski;PETROVSKIY YURIY VALERYEVYCH;
Tripping;Rousing Remix;UACT11400058;DIGITALmusikanten;KOCK ROBERT | CHRISTIAN PHILIPP;Rousing
Funky Drop;Original Mix;UACT11300105;Artemy Cheros;CHERKASOV ARTEM VITALYEVYCH;
Dakota 08;Original Mix;UACT11300120;BBM II;MATLAKH NIKOLAY ANATOLYEVYCH;
Shaman;Original Mix;UACT11300143;Alexey Kuznetsov;KUZNETSOV ALEKSEI ALEKSEEVYCH;
I Can't Contol It;Original Mix;UACT11300133;Yan Oxygen;CHUB YAN OLEGOVYCH;
Oceano;Original Mix;UACT11300119;Alexey Kuznetsov;KUZNETSOV ALEKSEI ALEKSEEVYCH;
Digital Mind Analog Soul;Original Mix;UACT11300121;DJ KoT;KOTOV YAKOV ALEKSANDROVYCH;
Sister;Deepstereo Remix;UACT11300071;Heal;CARTER KAMARI | JONES MATTHEW;Deepstereo
Vagator;Kain Remix;UACT11300066;Sergio Mega;LAZAREV SERGIY GEORGIEVYCH;Kain
Mad Glue;Original Mix;UACT11300146;Frozen;SHPAKOV NIKOLAY ALEKSANDROVYCH;
Bass Is Angry;Original Mix;UACT11300147;Masse;CHUZHDANOV PAVEL PAVLOVYCH;
Opening;Original Mix;UACT11300140;Sergio Mega;LAZAREV SERGIY GEORGIEVYCH;
Vagator;Original Mix;UACT11400072;Sergio Mega;LAZAREV SERGIY GEORGIEVYCH;
Stereoland;Ornamental Mix;UACT11300086;Sergio Mega;LAZAREV SERGIY GEORGIEVYCH;
Upper;Original Mix;UACT11100252;Sergio Mega;LAZAREV SERGIY GEORGIEVYCH;
Carnaval;Album Version;UACT11400073;Sergio Mega;LAZAREV SERGIY GEORGIEVYCH;
Gogol;Original Mix;UACT11200026;Sergio Mega;LAZAREV SERGIY GEORGIEVYCH;
Kyiv Skies;Original Mix;UACT11400074;Sergio Mega;LAZAREV SERGIY GEORGIEVYCH;
Mystic & Wilde;Album Version;UACT11400075;Sergio Mega;LAZAREV SERGIY GEORGIEVYCH;
Deeper Dnieper;Original Mix;UACT11300136;Sergio Mega;LAZAREV SERGIY GEORGIEVYCH;
In Motion;Original Mix;UACT11300077;Sergio Mega feat. Jean Osoa;LAZAREV SERGIY GEORGIEVYCH;
Beat On The Drums;Original Mix;UACT11300079;Sergio Mega;LAZAREV SERGIY GEORGIEVYCH;
A La Plage;Original Mix;UACT11400076;Simon Spencer;BASSETTO SIMONE;
Hold On To Me;Original Mix;UACT11400077;Simon Spencer;BASSETTO SIMONE;
Do You Know Do You Feel;Original Mix;UACT11400078;Simon Spencer;BASSETTO SIMONE;
Merkaba;Original Mix;UACT11400079;Amarilyo & Peter Und Der Wolf;ZHELTENKO ALEXANDER SERGEIEVYCH;
Do Not Stop;Original Mix;UACT11400080;DJ Chiff;KRASHANOVSKIY ANTON EVGENYEVYCH;
Mirage In The Clouds;Original Mix;UACT11400081;Vitalii Sky;IVASHCHENKO VITALIY ANATOLYEVYCH;
Our Llfe;Original Mix;UACT11400082;Terry Raze;RYMAR TARAS GRIGORYEVYCH;
Suflet;Original Mix;UACT11400083;Terry Raze;RYMAR TARAS GRIGOREVYCH;
T.V.O.N.;Original Mix;UACT11400084;Terry Raze;RYMAR TARAS GRIGOREVYCH;
Pathfinger;Original Mix;UACT11400085;Teoss;LIHNIKEVYCH MIKHAIL OLEGOVYCH;
Napoli;Original Mix;UACT11400086;Jaroslaw;KONONYKHIN YAROSLAV YURYEVYCH;
Temptation;Original Mix;UACT11400087;Roman Sweet;BROVKIN ROMAN ROMANOVYCH;
One Eight;Original Mix;UACT11400088;Sergio Mega;LAZAREV SERGIY GEORGIEVYCH;
One Eight;Adeseyo Remix;UACT11400090;Sergio Mega;LAZAREV SERGIY GEORGIEVYCH;Adeseyo
One Eight;Mamay Remix;UACT11400089;Sergio Mega;LAZAREV SERGIY GEORGIEVYCH;Mamay
Endorphin;Original Mix;UACT11400091;Vitalii Sky;IVASHCHENKO VITALIY ANATOLYEVYCH;
Magnet;Original Mix;UACT11400092;Technolog;BONDARENKO VASILIY YURIEVYCH;
Survivor;Original Mix;UACT11400093;Carmelo Carone;CARONE CARMELO;
Monothalamus;Original Mix;UACT11400094;Monovakzin;REZNICHENKO ROMAN VLADIMIROVYCH;
Basic Process;Original Mix;UACT11400095;Monovakzin;REZNICHENKO ROMAN VLADIMIROVYCH;
Baby Now;Original Mix;UACT11400096;INME;DYACHOK ALEKSEI SERGEEVYCH;
Can You;Original Mix;UACT11400097;INME;DYACHOK ALEKSEI SERGEEVYCH;
KORFF;Original Mix;UACT10800078;Ikiro;KRASNOSHTAN SERGEY ANATOLIEVYCH;
Abstract;Original Mix;UACT10800074;Slava Yaroslavskiy;YAROSLAVSKIY VYACHESLAV ALEKSANDROVYCH;
Tuomionpaivan Jalkeen;Original Mix;UACT11400098;Otto Sigma;PONOMARENKO DMITRY BORISOVYCH;
Paris;Original Mix;UACT10800070;Sketch Of Groove;DROZDOV ROMAN VLADIMIROVYCH;
Moloko;Original Mix;UACT10800071;Sketch Of Groove;DROZDOV ROMAN VLADIMIROVYCH;
One Eight;Original Mix;UACT11400088;Sergio Mega;LAZAREV SERGIY GEORGIEVYCH;
One Eight;Mamay Remix;UACT11400089;Sergio Mega;LAZAREV SERGIY GEORGIEVYCH;Mamay
Stereoland;Ornamental Mix;UACT11300086;Sergio Mega;LAZAREV SERGIY GEORGIEVYCH;
A La Plage;Original Mix;UACT11400076;Simon Spencer;BASSETTO SIMONE;
Hold On To Me;Original Mix;UACT11400077;Simon Spencer;BASSETTO SIMONE;
Suflet;Original Mix;UACT11400083;Terry Raze;RYMAR TARAS GRIGOREVYCH;
T.V.O.N.;Original Mix;UACT11400084;Terry Raze;RYMAR TARAS GRIGOREVYCH;
Mirage In The Clouds;Original Mix;UACT11400081;Vitalii Sky;IVASHCHENKO VITALIY ANATOLYEVYCH;
Chasm;Original Mix;UACT11400024;RezQ Sound;SHTANKO ANTON SERGEYEVYCH | BERESNEV ANTON ALEKSANDROVYCH;
Temptation;Original Mix;UACT11400087;Roman Sweet;BROVKIN ROMAN ROMANOVYCH;
Moonstone;Original Mix;UACT11400099;Tim Deetakt;SCHOENMAKERS TIM;
Moonstone;Techouse Mix;UACT11400100;Tim Deetakt;SCHOENMAKERS TIM;
Savhas;Original Mix;UACT11400101;Tim Deetakt;SCHOENMAKERS TIM;
Salt Shaker;Original Mix;UACT11400102;Aleksandr Life;CHUCHUPAKA ALEKSANDR;
Salt Shaker;Dub Mix;UACT11400103;Aleksandr Life;CHUCHUPAKA ALEKSANDR;
Midnight Samurai;Original Mix;UACT11400105;Kirunchell;MALCHENKO KIRILL VLADIMIROVYCH;
Step By Step;Original Mix;UACT11400106;Oleg Stuff;SEREBRIAKOV OLEG;
Cosmopolis;Original Mix;UACT11400107;Yuriy Berliny;CHEBELYUK YURIY;
Free Your Mind;Original Mix;UACT11400108;Yuriy Berliny;CHEBELYUK YURIY;
Wild Wolf;Original Mix;UACT11400109;Yuriy Berliny;CHEBELYUK YURIY;
Bicycle Day;Original Vocal Mix;UACT11400110;Sergio Mega;LAZAREV SERGIY GEORGIEVYCH;
Bicycle Day;Dub Mix;UACT11400111;Sergio Mega;LAZAREV SERGIY GEORGIEVYCH;
Bicycle Day;Deepstereo Mix;UACT11400112;Sergio Mega;LAZAREV SERGIY GEORGIEVYCH;Deepstereo
Bicycle Day;Electreefication Remix;UACT11400113;Sergio Mega;LAZAREV SERGIY GEORGIEVYCH;Electreefication
In Rail;Original Mix;UACT11400114;Monovakzin;REZNICHENKO ROMAN VLADIMIROVYCH;
Trafficker;Original Mix;UACT11400115;Monovakzin;REZNICHENKO ROMAN VLADIMIROVYCH;
Robotics;Extended Mix;UACT11400116;Dog Off;DOLGOV MAKSIM SERGEYEVYCH;
Robotics;Amarilyo Remix;UACT11400117;Dog Off;DOLGOV MAKSIM SERGEYEVYCH;Amarilyo
Robotics;Heal Remix;UACT11400118;Dog Off;DOLGOV MAKSIM SERGEYEVYCH;Heal
What I Feel;Original Mix;UACT11400119;INME;DYACHOK ALEKSEI SERGEEVYCH;
What To Do;Original Mix;UACT11400120;INME;DYACHOK ALEKSEI SERGEEVYCH;
Trans Me;Original Mix;UACT11400121;Tough Stuff;ALOBAIDLY HAMAD;
Trans Me;Lee Webster's Yummy Legs Remix;UACT11400122;Tough Stuff;ALOBAIDLY HAMAD;Lee Webster
Trans Me;Moe Turk Remix;UACT11400123;Tough Stuff;ALOBAIDLY HAMAD;Moe Turk
Robotics;Amarilyo Remix;UACT11400117;Dog Off;DOLGOV MAKSIM SERGEYEVYCH;Amarilyo
Midnight Samurai;Original Mix;UACT11400105;Kirunchell;MALCHENKO KIRILL VLADIMIROVYCH;
Trans Me;Moe Turk Remix;UACT11400123;Tough Stuff;ALOBAIDLY HAMAD;Moe Turk
Fickle Temper;Original Mix;UACT11300083;Komplektov;KOMPLEKTOV SERGEY NICKOLAEVYCH;
A La Plage;Original Mix;UACT11400076;Simon Spencer;BASSETTO SIMONE;
Tripping;Rousing Remix;UACT11400058;DIGITALmusikanten;KOCK ROBERT | CHRISTIAN PHILIPP;Rousing
One Eight;Adeseyo Remix;UACT11400090;Sergio Mega;LAZAREV SERGIY GEORGIEVYCH;Adeseyo
Spring Snow;Original Mix;UACT11300060;Maxim Play;KOVALEV MAKSIM ALEKSANDROVYCH;
Sister;Deepstereo Remix;UACT11300071;Heal;CARTER KAMARI | JONES MATTHEW;Deepstereo
Baby Now;Original Mix;UACT11400096;INME;DYACHOK ALEKSEI SERGEEVYCH;
Suflet;Original Mix;UACT11400083;Terry Raze;RYMAR TARAS GRIGOREVYCH;
Cosmopolis;Original Mix;UACT11400107;Yuriy Berliny;CHEBELYUK YURIY;
Deeper Dnieper;Original Mix;UACT11300136;Sergio Mega;LAZAREV SERGIY GEORGIEVYCH;
Pretty Lights;Original Mix;UACT11300169;Yuri Petrovski;PETROVSKIY YURIY VALERYEVYCH;
Monothalamus;Original Mix;UACT11400094;Monovakzin;REZNICHENKO ROMAN VLADIMIROVYCH;
Digital Mind Analog Soul;Original Mix;UACT11300121;DJ KoT;KOTOV YAKOV ALEKSANDROVYCH;
The Dance Of The Dark;Original Mix;UACT11300126;Neopoly Project;POLIAKOV DENIS VALENTINOVYCH;
Shaman;Original Mix;UACT11300143;Alexey Kuznetsov;KUZNETSOV ALEKSEI ALEKSEEVYCH;
Napoli;Original Mix;UACT11400086;Jaroslaw;KONONYKHIN YAROSLAV YURYEVYCH;
Salt Shaker;Dub Mix;UACT11400103;Aleksandr Life;CHUCHUPAKA ALEKSANDR;
Chasm;Original Mix;UACT11400024;RezQ Sound;SHTANKO ANTON SERGEYEVYCH | BERESNEV ANTON ALEKSANDROVYCH;
Salt Shaker;Original Mix;UACT11400102;Aleksandr Life;CHUCHUPAKA ALEKSANDR;
One Eight;Mamay Remix;UACT11400089;Sergio Mega;LAZAREV SERGIY GEORGIEVYCH;Mamay
Savhas;Original Mix;UACT11400101;Tim Deetakt;SCHOENMAKERS TIM;
I Can't Contol It;Original Mix;UACT11300133;Yan Oxygen;CHUB YAN OLEGOVYCH;
Deep Breath;Original Mix;UACT11300132;Yuri Petrovski;PETROVSKIY YURIY VALERYEVYCH;
September Saunter;Original Mix;UACT11400124;Amarilyo & Peter Und Der Wolf;ZHELTENKO ALEKSANDR SERGEEVYCH;
Thy Fire;Original Mix;UACT11400125;Amarilyo & Peter Und Der Wolf;ZHELTENKO ALEKSANDR SERGEEVYCH;
Back In The Day;Original Mix;UACT11400126;Deepstereo;KOZAK SERGEY VITALYEVYCH;
Oxiomma;Nidshe DeLuxe;UACT11400127;dENNY SunShine;SHCHERBAKOV DENIS VLADISLAVOVYCH;
Music For My Body Drugs;Original Mix;UACT11400128;DJ Chiff;KRASHANOVSKIY ANTON YEVGENYEVYCH;
Wild Wild West;Original Mix;UACT11400129;DJ Ubee;KANDYBA YURIY DMITRIEVYCH;
Together;Original Mix;UACT11400130;Haxxy;MUDRAK IVAN VLADIMIROVYCH;
They Love;Original Mix;UACT11400131;INME;DYACHOK ALEKSEI SERGEEVYCH;
Red Twin;Original Mix;UACT11400132;Pauly;GAVRILYUK SERGEY VLADIMIROVYCH;
Bewilderment;Original Mix;UACT11400133;Riolie;NOVAK  YURIY  GRIGORIYEVYCH;
Waiting For You;Original Mix;UACT11400134;Risepunk;CHELNOKOV ALEKSANDR ALEKSANDROVYCH | BRASHOVETSKIY VADIM VIKTOROVYCH;
Aloha;Original Mix;UACT11400135;Robeykov;ROBEYKO VADIM ALEKSANDROVYCH;
Last Summer Days;Extended Mix;UACT11400136;Sasha Funny & Nasta Samojlenko;MIZIN ALEKSANDR VLADIMIROVYCH;
Velik;Original Mix;UACT11400137;Touch The Sound;SHERENETS KONSTANTIN ALEKSANDROVYCH;
In The Vastness Of Space;Original Mix;UACT11400138;Vitalii Sky;IVASHCHENKO VITALIY ANATOLYEVYCH;
Unpleasant Surprise;Original Mix;UACT11500001;Cirkul;TSYRKUL DENIS SERGEYEVYCH;
Atmovibe;Original Mix;UACT11500002;Dropboy;TSYMBALYUK DMITRIY ALEKSANDROVYCH;
Labirynth;Original Mix;UACT11500003;Igor Graphite;BOBONICH IGOR NIKOLAEVYCH;
Monstro;Original Mix;UACT11500004;Maka Men;MATVEEV ALEKSANDR SERGEEVYCH;
Legend Of Time;Original Mix;UACT11500005;Meolax;RYMAR TARAS GRIGORYEVYCH;
Fuck The Commercy;Original Mix;UACT11500006;Mendigrand;SHEVCHENKO VITALIY IGOREVYCH;
Surrounded;Original Mix;UACT11500007;Mute Solo;SHKOROPATA ALEKSANDR IAROSLAVOVYCH;
Dawn;Original Mix;UACT11500008;Neopoly Project;POLIAKOV DENIS VALENTINOVYCH;
Cyborg;Original Mix;UACT11500009;Technolog;BONDARENKO VASILIY YURIEVYCH;
Egoist;Original Mix;UACT11500010;Vitamindevil;KOCHKUROV VITALIY SERGEEVYCH;
Keep Out;Original Mix;UACT11500011;Vitamindevil;KOCHKUROV VITALIY SERGEEVYCH;
Nightingale;Original Mix;UACT11500012;Amarilyo & Peter Und Der Wolf;ZHELTENKO ALEKSANDR SERGEEVYCH;
Lemitate;Original Mix;UACT11500013;Boom Chilla;SOBUR DMITRIY ANATOLYEVYCH;
Mylene;Original Mix;UACT11500014;Boom Chilla;SOBUR DMITRIY ANATOLYEVYCH;
Music Of Thunder;Original Mix;UACT11500015;Dmitry Markson;BYSTROV DMITRII SERGEEVYCH;
Serenity;Original Mix;UACT11500016;Dmitry Markson;BYSTROV DMITRII SERGEEVYCH;
What They Say;Original Mix;UACT11500017;Haxxy;MUDRAK IVAN VLADIMIROVYCH;
Can't Buy;Original Mix;UACT11500018;INME;DYACHOK ALEKSEI SERGEEVYCH;
Dark Sky;Original Mix;UACT11500022;Jack-o'-Lantern;KOTOV  YAKOV ALEKSANDROVYCH;
Pure And Calm;Original Mix;UACT11500019;Liondon;KORLYKHANOV ANTON VALEREVYCH;
Long Trip In Space;Original Mix;UACT11500020;MacroVision;GAEVIK RUSLAN IGOREVYCH;
Heartbeat;Original Mix;UACT11500021;Riolie;NOVAK YURIY GRIGORIEVYCH;
Acid Swing;Original Mix;UACT11500023;Vitalii Sky;IVASHCHENKO VITALIY ANATOLYEVYCH;
City Dance Rhythms Of Acid;Original Mix;UACT11500024;Vitalii Sky;IVASHCHENKO VITALIY ANATOLYEVYCH;
Sakura;Original Mix;UACT11500025;Amarilyo;ZHELTENKO ALEKSANDR SERGEEVYCH;
Bucket Boy;Original Mix;UACT11500026;Bulbajar;REZNICHENKO ROMAN VLADIMIROVYCH;
Play-or-Die;Original Mix;UACT11500027;Bulbajar;REZNICHENKO ROMAN VLADIMIROVYCH;
Reciprocal;Original Mix;UACT11500028;Bulbajar;REZNICHENKO ROMAN VLADIMIROVYCH;
Vampire;Original Mix;UACT11500029;Bulbajar;REZNICHENKO ROMAN VLADIMIROVYCH;
Drums Of The Sun;Original Mix;UACT11500030;Dmitry Markson;BYSTROV DMITRII SERGEEVYCH;
Singleness;Original Mix;UACT11500031;Dmitriy Yusupov;IUSUPOV DMITRII VLADIMIROVYCH;
Casanova;Original Mix;UACT11500032;Gobain;PRUSHCHIK ARTEM GENNADEVYCH;
End Of The World (All Is Not Lost);Original Mix;UACT11500033;Haxxy;MUDRAK IVAN VLADIMIROVYCH;
Electro Voice;Original Mix;UACT11500034;Sanorum;DOLGOV MAKSIM SERGEEVYCH;
No Condoms Party;Original Mix;UACT11500035;Amarilyo & Peter Und Der Wolf;ZHELTENKO ALEKSANDR SERGEEVYCH;
Sacred Chants Of Shiva;Original Mix;UACT11500036;AVC;KULINICH ALEKSEI NIKOLAEVYCH;
ML;Original Mix;UACT11500037;Dropboy;TSYMBALYUK DMITRIY ALEKSANDROVYCH;
Sick;Original Mix;UACT11500038;Dropboy;TSYMBALYUK DMITRIY ALEKSANDROVYCH;
Masakra;Original Mix;UACT11500039;Maka Men;MATVEEV ALEKSANDR SERGEEVYCH;
Kiss Piano Rol;Original Mix;UACT11500040;Masse;CHUZHDANOV PAVEL PAVLOVYCH;
One Eye;Original Mix;UACT11500041;Masse;CHUZHDANOV PAVEL PAVLOVYCH;
Op's Bongo;Club Mix;UACT11500042;Masse;CHUZHDANOV PAVEL PAVLOVYCH;
Suspenders;Club Mix;UACT11500043;Masse;CHUZHDANOV PAVEL PAVLOVYCH;
To Night;Original Mix;UACT11500044;Masse;CHUZHDANOV PAVEL PAVLOVYCH;
Ego Freaks;Original Mix;UACT11500045;Mute Solo;SHKOROPATA ALEKSANDR IAROSLAVOVYCH;
Do Not Forget The Robot;Original Mix;UACT11500046;Neopoly Project;POLIAKOV DENIS VALENTINOVYCH;
Coffee Seeds;Original Mix;UACT11500047;Riolie;NOVAK YURIY GRIGORIEVYCH;
BOOM;Original Mix;UACT11500048;Slackers Project & Pirania;DIHTYARUK ROMAN GRIGORIEVYCH | DARCHIASHVILY DACHI;
Light Room;Original Mix;UACT11500049;Terry Raze;DYACHOK ALEKSEY SERGEEVYCH;
Anatomy Of Sound;Original Mix;UACT11500050;Vitalii Sky;IVASHCHENKO VITALIY ANATOLYEVYCH;
My Name Is Acid House;Original Mix;UACT11500051;Vitalii Sky;IVASHCHENKO VITALIY ANATOLYEVYCH;
Dark Personality;Original Mix;UACT11500052;Vitamindevil;KOCHKUROV VITALIY SERGEEVYCH;
Ultraviolet;Original Mix;UACT11500053;Vitamindevil;KOCHKUROV VITALIY SERGEEVYCH;
Moving;Original Mix;UACT11500054;Sergio Mega;LAZAREV SERGIY GEORGIEVYCH;
Moving;Amarilyo Remix;UACT11500055;Sergio Mega;LAZAREV SERGIY GEORGIEVYCH;Amarilyo
Moving;Deepstereo Remix;UACT11500056;Sergio Mega;LAZAREV SERGIY GEORGIEVYCH;Deepstereo
Euro;Original Mix;UACT11500071;Alnitaque & Moon Shot;MOSHLIAK SERGEI SERGEEVYCH;
Life In You;Original Mix;UACT11500057;George Gee;ZHURBA ROMAN NIKOLAEVYCH;
Philosophy Nights;Original Mix;UACT11500058;Maks Ssiver;RATOSHNIUK MAKSIM VITALEVYCH;
The Vision;Original Mix;UACT11500059;Mihael Shulo;SHILO MIKHAIL VASILIEVYCH;
Falling Into Deep;Original Mix;UACT11500060;Noel Neron;FROLOV KONSTANTIN VITALEVYCH;
Through The Stars;Original Mix;UACT11500061;Raynold;KOLOMOETS ANDREY NIKOLAEVYCH;
Miracle Sound;Original Mix;UACT11500062;Romixon;DUBOVETC ROMAN IGOREVYCH;
Independence;Original Mix;UACT11500063;Sluice;SLESARENKO SERGEY ALEKSANDROVYCH;
Inside Of Human;Original Mix;UACT11500064;Sluice;SLESARENKO SERGEY ALEKSANDROVYCH;
Natural Beauty;Original Mix;UACT11500065;Sluice;SLESARENKO SERGEY ALEKSANDROVYCH;
Sun Light;Original Mix;UACT11500066;Sluice;SLESARENKO SERGEY ALEKSANDROVYCH;
Till The End;Original Mix;UACT11500067;Sluice;SLESARENKO SERGEY ALEKSANDROVYCH;
Monster;Autumn Mix;UACT11500068;Technolog;BONDARENKO VASILIY YURIEVYCH;
Exodus;Original Mix;UACT11500069;Vitaliy Shot;IVANEYKO VITALIY EVGENYEVYCH;
Parkour;Original Mix;UACT11500070;Vyacheslav Demchenko;DEMCHENKO VYACHESLAV LEONIDOVYCH;
You Like Me;Original Mix;UACT11500072;Cloudlys;DYACHOK ALEKSEY SERGEYEVYCH;
Together We Are;Original Mix;UACT11500073;Coxy Panda;SAKHNO YURIY VLADIMIROVYCH;
One Heart;Original Mix;UACT11500074;Delph Project;TKACHUK IAROSLAV VLADIMIROVYCH;
Dynamic Dance;Original Mix;UACT11500075;Harland Kasten;MAKSIMENKO STANISLAV EVGENEVYCH;
Fondness;Original Mix;UACT11500076;Haxxy;MUDRAK IVAN VLADIMIROVYCH;
To The Sky;Original Mix;UACT11500084;Igor Graphite;BOBONICH IGOR NIKOLAEVYCH;
Solar;Club Mix;UACT11500085;Maks Ssiver;RATOSHNIUK MAKSIM VITALEVYCH;
Fear;Oiriginal Mix;UACT11500086;Max Sajnev;SAZHNEV MAKSIM SERGEEVYCH;
Late Mouse;Oiriginal Mix;UACT11500087;Maximus Eyforie;DOVNICH MAKSIM IGOREVYCH;
Infinity;Oiriginal Mix;UACT11500088;Neopoly Project;VOLOSHIN STANISLAV ALEKSANDROVYCH | KOLESNIKOV STANISLAV ALEKSANDROVYCH | POLIAKOV DENIS VALENTINOVYCH;
The Dark Side Of Mind;Original Mix;UACT11500077;Neopoly Project;POLIAKOV DENIS VALENTINOVYCH;
Pandora;Original Mix;UACT11500078;OMAIO;KHANIN ARTEM GENNADIEVYCH | POLIAKOV DENIS VALENTINOVYCH;
Pyramid;Original Mix;UACT11500079;OMAIO;KHANIN ARTEM GENNADIEVYCH;
Shakedown;Original Mix;UACT11500080;Serg Barrakuda;KUTIA SERGEI VASILEVYCH;
Sometimes;Original Mix;UACT11500081;Soundlife;ERESHCHENKO EVGENII ALEKSEEVYCH;
In Networks;Original Mix;UACT11500082;Viktor Dance;DEMYANENKO VIKTOR ANATOLYEVYCH;
Falling;Original Mix;UACT11500083;Ykill & Johnny Key;KIRIAN EVGENII GRIGOREVYCH | IAKIMENKO KIRILL SERGEEVYCH;
Dirty Love;Original Mix;UACT11500089;Seventeenth Unvrse;MUDRAK IVAN VLADIMIROVYCH;
Me & I Corrupted;Original Mix;UACT11500090;Seventeenth Unvrse;MUDRAK IVAN VLADIMIROVYCH;
Moving;Matt Moore Remix;UACT11500091;Sergio Mega;LAZAREV SERGIY GEORGIEVYCH;Matt Moore
Moving;Otto Sigma Remix;UACT11500092;Sergio Mega;LAZAREV SERGIY GEORGIEVYCH;Otto Sigma
Moving;Saskin S Disco Remix;UACT11500093;Sergio Mega;LAZAREV SERGIY GEORGIEVYCH;Saskin S
Ice;Original Mix;UACT11500094;Amarilyo;ZHELTENKO ALEKSANDR SERGEEVYCH;
Symphony Of The Night;Original Mix;UACT11500095;Aristos;DENISENKO ALEKSANDR IUREVYCH;
Mistery;Original Mix;UACT11500096;Aristos;DENISENKO ALEKSANDR IUREVYCH;
One Worldwide;Original Mix;UACT11500097;Aristos;DENISENKO ALEKSANDR IUREVYCH;
To Fight And Survive;Original Mix;UACT11500098;Aristos;DENISENKO ALEKSANDR IUREVYCH;
Dark Veins;Original Mix;UACT11500099;Haxxy;MUDRAK IVAN VLADIMIROVYCH;
Sole Voce;Original Mix;UACT11500100;Haxxy;MUDRAK IVAN VLADIMIROVYCH;
Tommy Gun;Original Mix;UACT11500101;Haxxy;MUDRAK IVAN VLADIMIROVYCH;
Try 2 Think;Original Mix;UACT11500102;Jacob;GAPONIUK IAKOV SEMENOVYCH;
Photo;Original Mix;UACT11500103;Max Sajnev;SAZHNEV MAKSIM SERGEEVYCH;
Devil's Activity;Original Mix;UACT11500104;Mendigrand;SHEVCHENKO VITALII IGOREVYCH;
Halloween;Original Mix;UACT11500105;Neopoly Project;POLIAKOV DENIS VALENTINOVYCH;
Missed Link;Original Mix;UACT11500106;Otto Sigma;PONOMARENKO DMITRY BORISOVYCH;
Lady On The Bridge;Original Mix;UACT11500107;Riolie;NOVAK YURIY GRIGORIEVYCH;
Fusion Of Sounds;Original Mix;UACT11500108;Sanorum;DOLGOV MAKSIM SERGEEVYCH;
The Wings;Original Mix;UACT11500109;Fusion of Sounds;SHYLO MICHAIL VASYLOVYCH;
Tamborero;Original Mix;UACT11500110;Sweep Projekt;COSTABAL GUZMAN  ENRIQUE | BISELLO MARTINEZ DE SALINAS ALFREDO;
Kanna;Original Mix;UACT11500111;Unheal;SAKHNO VALERII VASILIEVYCH;
There Is Not Reality In Reality;Original Mix;UACT11500112;Vitalii Sky;IVASHCHENKO VITALIY ANATOLYEVYCH;
Under Floor;Original Mix;UACT11500113;Daniel X;VLASOV DANIIL VIACHESLAVOVYCH;
Lifer Sider;Original Mix;UACT11500114;dENNY SunShine;SHCHERBAKOV DENIS VLADISLAVOVYCH;
Just Feel It;Original Mix;UACT11500115;Harland Kasten;MAKSIMENKO STANISLAV EVGENEVYCH;
Your Eyes;Original Mix;UACT11500116;Kasa Remixoff;KASAP VADIM VLADIMIROVYCH;
Survival Instinct;Original Mix;UACT11500117;Mendigrand;SHEVCHENKO VITALIY IGOREVYCH;
Blaster;Original Mix;UACT11500118;Neonil;MALITCKII OREST VASILEVYCH;
Pulsar;Original Mix;UACT11500119;Roman Bondar;BONDARENKO ROMAN FEDOROVYCH;
Crazy;Original Mix;UACT11500120;Sasha Nekols;STEPANENKO ALEKSANDR NIKOLAYEVYCH;
So Sexy;Original Mix;UACT11500121;Shurmenkoff;SHURMENKOV IGOR IGOREVYCH;
HUP;Original Mix;UACT11500122;The Jokes;SYROEZHKIN VIKTOR SERGEEVYCH;
Deepflow;Original Mix;UACT11500123;Dasero;MARIN DANIEL;
Eclipse;Original Mix;UACT11500124;Dasero;MARIN DANIEL;
Nightlights;Original Mix;UACT11500125;Dasero;MARIN DANIEL;
8dc;Original Mix;UACT11500126;Otto Sigma;PONOMARENKO DMITRY BORISOVYCH;
Rotation Matrix;Original Mix;UACT11500127;Otto Sigma;PONOMARENKO DMITRY BORISOVYCH;
Technoisle;Extended Mix;UACT11500129;Otto Sigma;PONOMARENKO DMITRY BORISOVYCH;
Technoisle;Original Mix;UACT11500128;Otto Sigma;PONOMARENKO DMITRY BORISOVYCH;
Want to Know;Sergio Mega Remix;UACT11500130;Demophon Muson;KLIMENKO IGOR NIKOLAYEVYCH | LAZAREV SERGIY GEORGIEVYCH;Sergio Mega
Moving;Saskin S Disco Remix;UACT11500093;Sergio Mega;LAZAREV SERGIY GEORGIEVYCH;Saskin S
Tamborero;Original Mix;UACT11500110;Sweep Projekt;COSTABAL GUZMAN  ENRIQUE | BISELLO MARTINEZ DE SALINAS ALFREDO;
Trans Me;Lee Webster's Yummy Legs Remix;UACT11400122;Tough Stuff;ALOBAIDLY HAMAD;Lee Webster
End Of The World (All Is Not Lost);Original Mix;UACT11500033;Haxxy;MUDRAK IVAN VLADIMIROVYCH;
City Dance Rhythms Of Acid;Original Mix;UACT11500024;Vitalii Sky;IVASHCHENKO VITALIY ANATOLYEVYCH;
Red Twin;Original Mix;UACT11400132;Pauly;GAVRILYUK SERGEY VLADIMIROVYCH;
Bewilderment;Original Mix;UACT11400133;Riolie;NOVAK  YURIY  GRIGORIYEVYCH;
BOOM;Original Mix;UACT11500048;Slackers Project & Pirania;DIHTYARUK ROMAN GRIGORIEVYCH | DARCHIASHVILY DACHI;
Waiting For You;Original Mix;UACT11400134;Risepunk;CHELNOKOV ALEKSANDR ALEKSANDROVYCH | BRASHOVETSKIY VADIM VIKTOROVYCH;
Moving;Matt Moore Remix;UACT11500091;Sergio Mega;LAZAREV SERGIY GEORGIEVYCH;Matt Moore
Oxiomma;Nidshe DeLuxe;UACT11400127;dENNY SunShine;SHCHERBAKOV DENIS VLADISLAVOVYCH;
Moving;Original Mix;UACT11500054;Sergio Mega;LAZAREV SERGIY GEORGIEVYCH;
Suspenders;Club Mix;UACT11500043;Masse;CHUZHDANOV PAVEL PAVLOVYCH;
Light Room;Original Mix;UACT11500049;Terry Raze;DYACHOK ALEKSEY SERGEEVYCH;
Moving;Amarilyo Remix;UACT11500055;Sergio Mega;LAZAREV SERGIY GEORGIEVYCH;Amarilyo
Labirynth;Original Mix;UACT11500003;Igor Graphite;BOBONICH IGOR NIKOLAEVYCH;
Acid Swing;Original Mix;UACT11500023;Vitalii Sky;IVASHCHENKO VITALIY ANATOLYEVYCH;
Kiss Piano Rol;Original Mix;UACT11500040;Masse;CHUZHDANOV PAVEL PAVLOVYCH;
Lady On The Bridge;Original Mix;UACT11500107;Riolie;NOVAK YURIY GRIGORIEVYCH;
Keep Out;Original Mix;UACT11500011;Vitamindevil;KOCHKUROV VITALIY SERGEEVYCH;
Bustling Space;Original Mix;UACT11500131;INME & 8.30AM;DYACHOK ALEKSEI SERGEEVYCH;
Bustling Space;Amarilyo Remix;UACT11500132;INME & 8.30AM;DYACHOK ALEKSEI SERGEEVYCH;Amarilyo
Bustling Space;Rousing Remix;UACT11500133;INME & 8.30AM;DYACHOK ALEKSEI SERGEEVYCH;Rousing
Bustling Space;Terry Raze Remix;UACT11500134;INME & 8.30AM;DYACHOK ALEKSEI SERGEEVYCH;Terry Raze
Yokito;Original Mix;UACT11500135;Marc Franco;FRANCO MECA MARC;
Consonance;Original Mix;UACT11500136;Marver;DEL TURCO MARCO;
Firebone;Original Mix;UACT11500137;Monovakzin;REZNICHENKO ROMAN VLADIMIROVYCH;
A Little Too Late;Original Mix;UACT11500138;4ykLive;SHEVCHUK VLADIMIR ANDREEVYCH;
Cossack's Fate;Original Mix;UACT11500139;4ykLive;SHEVCHUK VLADIMIR ANDREEVYCH;
One Man Band;Original Mix;UACT11500140;4ykLive;SHEVCHUK VLADIMIR ANDREEVYCH;
It's About Soul;Original Mix;UACT11500141;4ykLive;SHEVCHUK VLADIMIR ANDREEVYCH;
Crow;Original Mix;UACT11500142;4ykLive;SHEVCHUK VLADIMIR ANDREEVYCH;
Garmyder;Original Mix;UACT11500143;4ykLive;SHEVCHUK VLADIMIR ANDREEVYCH;
Ayawaska;Original Mix;UACT11500144;4ykLive;SHEVCHUK VLADIMIR ANDREEVYCH;
Lost In The Ocean;Original Mix;UACT11500145;4ykLive;SHEVCHUK VLADIMIR ANDREEVYCH;
23.59;Original Mix;UACT11500146;4ykLive;SHEVCHUK VLADIMIR ANDREEVYCH;
Muse;Original Mix;UACT11500147;4ykLive;SHEVCHUK VLADIMIR ANDREEVYCH;
Out Of Space;Original Mix;UACT11500148;4ykLive;SHEVCHUK VLADIMIR ANDREEVYCH;
The Best Is Yet To Come;Original Mix;UACT11500151;Dasero;MARIN DANIEL;
Off The Ground;Original Mix;UACT11500152;Dasero;MARIN DANIEL;
Crazy Monday;Original Mix;UACT11500153;Yuriy Berliny;CHEBELIUK IURII IUREVYCH;
Little Story;Original Mix;UACT11500154;Yuriy Berliny;CHEBELIUK IURII IUREVYCH;
Selesta;Original Mix;UACT11500155;Yuriy Berliny;CHEBELYUK YURIY;
Children Wide Fields;Original Mix;UACT11500156;Vitalii Sky;IVASHCHENKO VITALIY ANATOLYEVYCH;
On The Waves Of The Dnipro;Original Mix;UACT11500157;Vitalii Sky;IVASHCHENKO VITALIY ANATOLYEVYCH;
Remember What You Forgot;Original Mix;UACT11500158;Vitalii Sky;IVASHCHENKO VITALIY ANATOLYEVYCH;
Sunny Day;Original Mix;UACT11500159;Vitalii Sky;IVASHCHENKO VITALIY ANATOLYEVYCH;
Ukrainian Cossack Rhythms;Original Mix;UACT11500160;Vitalii Sky;IVASHCHENKO VITALIY ANATOLYEVYCH;
Souspance;Original Mix;UACT11500161;Massimo Gentile;GENTILE MASSIMO;
In The Sky;Original Mix;UACT11500162;Daniel X;VLASOV DANIIL VIACHESLAVOVYCH;
In The Sky;Amarilyo Remix;UACT11500163;Daniel X;VLASOV DANIIL VIACHESLAVOVYCH;Amarilyo
In The Sky;Kellini Remix;UACT11500164;Daniel X;VLASOV DANIIL VIACHESLAVOVYCH;Kellini
In The Sky;Monovakzin Remix;UACT11500165;Daniel X;VLASOV DANIIL VIACHESLAVOVYCH;Monovakzin
In The Sky;Saskin S Remix;UACT11500166;Daniel X;VLASOV DANIIL VIACHESLAVOVYCH;Saskin S
Gate Gate;Original Mix;UACT11600001;AVC;KULINICH ALEKSEI NIKOLAEVYCH;
I'm At Home;Original Mix;UACT11600002;Brain Control;PODAKIN ALEKSEI VLADIMIROVYCH;
Haze;Original Mix;UACT11600003;COOKI3;KRAVCHUK SERGEI ALEKSANDROVYCH | MOSHLYAK SERGEY SERGEYEVYCH | POZOVNYY EDUARD YURYEVYCH;
Code Red;Original Mix;UACT11600004;Daniel X;VLASOV DANIIL VIACHESLAVOVYCH;
Sonar;Original Mix;UACT11600005;Daniel X;VLASOV DANIIL VIACHESLAVOVYCH;
24th Floor;Original Mix;UACT11600006;Lime K;GRISHKO DMITRII ALEKSANDROVYCH;
Exp;Original Mix;UACT11600007;Mechanical Wave;SOLOMKA ANDREY VALERIEVYCH;
All Around Me;Original Mix;UACT11600008;Moon Shot & CJ EDU;MOSHLIAK SERGEI SERGEEVYCH | POZOVNYI EDUARD IUREVYCH;
Therapy;Original Mix;UACT11600009;Seth&Rise;TCYMBALIUK DMITRII ALEKSANDROVYCH;
Blind;Original Mix;UACT11600010;SK85;KOMPLEKTOV SERGEI NIKOLAEVYCH;
Feel So Good;Original Mix;UACT11600011;Alexandr Zarva;ZARVA ALEXANDR SERGEEVYCH;
October;Original Mix;UACT11600012;Boom Chilla;GOLUB VYACHESLAV EDUARDOVYCH | SOBUR DMITRIY ANATOLYEVYCH;
City Lights;Extended Mix;UACT11600013;DJ Chiff;KRASHANOVSKIY ANTON EVGENYEVYCH;
Dance Till You Drop;Original Mix;UACT11600014;Hitroyz;GORDIIKO NIKOLAI PETROVYCH;
Stop Loving You;Original Mix;UACT11600015;INME;DYACHOK ALEKSEI SERGEEVYCH;
Swing Tunes;Original Mix;UACT11600016;INME;DYACHOK ALEKSEI SERGEEVYCH;
Make It Little Louder;Original Mix;UACT11600017;Kirunchell feat. Mary;MALCHENKO KIRILL VLADIMIROVYCH;
Feel The Sunshine;Original Mix;UACT11600018;Maximus Eyforie;DOVNICH MAKSIM IGOREVYCH;
Her Eyes;Original Mix;UACT11600019;Neopoly Project;POLIAKOV DENIS VALENTINOVYCH;
Piano Waves;Original Mix;UACT11600020;Neopoly Project;POLIAKOV DENIS VALENTINOVYCH;
Dull Hunt;Original Mix;UACT11600021;Robeykov;ROBEYKO VADIM ALEKSANDROVYCH;
Southern Date;Original Mix;UACT11600022;Robeykov;ROBEYKO VADIM ALEKSANDROVYCH;
Modestina;Original Mix;UACT11600023;Seth&Rise;TCYMBALIUK DMITRII ALEKSANDROVYCH;
Transponent Of Hastle;Original Mix;UACT11600024;SuperEVG;CHECHELNITCKII EVGENII VIKTOROVYCH;
Drop The Bass;Original Mix;UACT11600025;Dmitriy 5Star;KHRIPKOV DMITRII IGOREVYCH;
Totem;Original Mix;UACT11600026;4ykLive;SHEVCHUK VLADIMIR ANDREEVYCH;
Believe In Love;Original Mix;UACT11600027;Amarilyo feat. Alexandra Makarovskaya;ZHELTENKO ALEKSANDR SERGEEVYCH;
Something Inside;Original Mix;UACT11600028;Aristos;DENISENKO ALEKSANDR YURYEVYCH;
Elegia;Original Mix;UACT11600029;Aristos, Kleemee & Yuriy Trohimenko;DENISENKO ALEKSANDR IUREVYCH | KLIMCHUK IURII VASILIEVYCH;
Sunrise;Original Mix;UACT11600030;AVC;MINEO MARCELLO | YERESHCHENKO YEVGENIY ALEKSEYEVYCH | KULINICH ALEKSEI NIKOLAEVYCH | SLESARENKO SERGEY ALEKSANDROVYCH;
Big Bang;Original Mix;UACT11600031;CJ ARTUR;LYZHOV ARTUR EVGENEVYCH;
Nova;Original Mix;UACT11600032;CJ ARTUR;LYZHOV ARTUR EVGENEVYCH;
Heart Of Stone;Original Mix;UACT11600033;Eugene Beast;MIROSHNICHENKO YEVGENIY PETROVYCH;
Move Your Strings;Original Mix;UACT11600034;Fabi;SPANUOLO FABRITSIO;
Remembrance;Original Mix;UACT11600035;George Gee;ZHURBA ROMAN NIKOLAEVYCH;
Maori;Original Mix;UACT11600036;Masta Black Fk;CHERNYY VLADISLAV ALEKSANDROVYCH;
Heart Of Sea;Original Mix;UACT11600037;Metronome (Donetsk);ZHOGLIKOV ANATOLIY IVANOVYCH;
Mandrujuchi Snami;Original Mix;UACT11600038;Volodimir Rozhko & Oleg Kovalov;YALOVYY OLEG SERGEYEVYCH;
Deeper;Original Mix;UACT11600039;Daniel X;VLASOV DANIIL VIACHESLAVOVYCH;
Lost Love;Original Mix;UACT11600040;Gin Vinyla;BASHKIROV ARTUR IGOREVYCH;
I Love You;Original Mix;UACT11600041;Saskin S & Kellini;SELMIR SASKIN | KJETIL LAGESEN;
Kyiv House;Original Mix;UACT11500149;Daniel X;VLASOV DANIIL VIACHESLAVOVYCH;
October;Original Mix;UACT11600012;Boom Chilla;GOLUB VYACHESLAV EDUARDOVYCH | SOBUR DMITRIY ANATOLYEVYCH;
In The Sky;Kellini Remix;UACT11500164;Daniel X;VLASOV DANIIL VIACHESLAVOVYCH;Kellini
Gate Gate;Original Mix;UACT11600001;AVC;KULINICH ALEKSEI NIKOLAEVYCH;
Selesta;Original Mix;UACT11500155;Yuriy Berliny;CHEBELYUK YURIY;
Bustling Space;Terry Raze Remix;UACT11500134;INME & 8.30AM;DYACHOK ALEKSEI SERGEEVYCH;Terry Raze
Yokito;Original Mix;UACT11500135;Marc Franco;FRANCO MECA MARC;
Therapy;Original Mix;UACT11600009;Seth&Rise;TCYMBALIUK DMITRII ALEKSANDROVYCH;
24th Floor;Original Mix;UACT11600006;Lime K;GRISHKO DMITRII ALEKSANDROVYCH;
Code Red;Original Mix;UACT11600004;Daniel X;VLASOV DANIIL VIACHESLAVOVYCH;
Exp;Original Mix;UACT11600007;Mechanical Wave;SOLOMKA ANDREY VALERIEVYCH;
Spider;DJ UBee Remix;UACT11600042;Adamchuk;ADAMCHUK YEKATERINA SERGEYEVNA | KANDYBA YURIY DMITRIYEVYCH;DJ Ubee
September;Original Mix;UACT11600043;Alexandr Zarva;ZARVA ALEXANDR SERGEEVYCH;
I Feel You;Original Vocal Mix;UACT11600044;AVC;KULINICH ALEKSEI NIKOLAEVYCH;
BassFriction;Original Mix;UACT11600045;De`mystique;TARANENKO ALEKSANDR LEONIDOVYCH;
Diamonds;Original Mix;UACT11600046;DJ Jmen;NOVOKHATNIY YEVGENIY GENNADYEVYCH;
Mojahet;Original Mix;UACT11600047;Dropboy;TSYMBALYUK DMITRIY ALEKSANDROVYCH;
Over The Horizon;Edit Mix;UACT11600048;Flying Point;VOLKOV YEVGENIY VALERIYEVYCH;
Supreme;Original Mix;UACT11600049;Ikiro;KRASNOSHTAN SERGEY ANATOLIEVYCH;
Alone In The Dark;Original Mix;UACT11600050;Masse;CHUZHDANOV PAVEL PAVLOVYCH;
Up Our Phobia;Original Mix;UACT11600051;Masse;CHUZHDANOV PAVEL PAVLOVYCH;
HAZE;Original Mix;UACT11600052;Moon Shot & CJ EDU;KRAVCHUK SERGEI ALEKSANDROVYCH | MOSHLYAK SERGEY SERGEYEVYCH | POZOVNYY EDUARD YURYEVYCH;
ROCK;Original Mix;UACT11600053;Moon Shot & CJ EDU;MOSHLYAK SERGEY SERGEYEVYCH | POZOVNYY EDUARD YURYEVYCH;
Love Song For A Demon;Original Mix;UACT11600054;Neopoly Project;POLIAKOV DENIS VALENTINOVYCH;
Listen The End;Original Mix;UACT11600055;Seth&Rise;TCYMBALIUK DMITRII ALEKSANDROVYCH;
You Know;Original Mix;UACT11600056;SK85;KOMPLEKTOV SERGEI NIKOLAEVYCH;
Intek;Original Mix;UACT11600057;Terry Raze;RYMAR TARAS GRIGORYEVYCH;
Love And Trust;Original Mix;UACT11600058;Vitalii Sky;IVASHCHENKO VITALIY ANATOLYEVYCH;
The Flight Of Fancy;Original Mix;UACT11600059;Vitalii Sky;IVASHCHENKO VITALIY ANATOLYEVYCH;
Animalize;Original Mix;UACT11600060;Monovakzin;REZNICHENKO ROMAN VLADIMIROVYCH;
Intersidereal;Original Mix;UACT11600061;Monovakzin;REZNICHENKO ROMAN VLADIMIROVYCH;
Neck Tattoo;Original Mix;UACT11600062;Arma;MARCHENKO ARTUR OLEKSANDROVYCH;
Here We Go Now;Original Mix;UACT11600063;Coxy Panda;SAKHNO YURIY VLADIMIROVYCH;
Ghandi;Original Mix;UACT11600064;DeFreight;BELOZERTSEV DENYS SERGIYOVYCH;
Interesting;Original Mix;UACT11600065;DJ CoRRectoR;DMYTRYEV VLADYSLAV SERGIYOVYCH;
Two In Space;Original Mix;UACT11600066;Pafosnyh;LEBEDEV YAROSLAV MIKHAYLOVYCH;
New York;Original Mix;UACT11600067;Plyashe;BAGRAYCHUK ANDRIY VASYLOVYCH;
Life For You;Original Mix;UACT11600068;PoLMaX;POLISHCHUK MAKSIM LEONIDOVYCH;
We Got The Bass;Original Mix;UACT11600069;Romixon;DUBOVETC ROMAN IGOREVYCH;
Bonny;Original Mix;UACT11600070;YampolSky;YAMPOLSKIY ANDRIY VALERIYOVYCH;
Deep Run;Original Mix;UACT11600071;Miguel Rodriguez;RODRIGUEZ MIGUEL;
Rollerblast;Original Mix;UACT11600072;Miguel Rodriguez;RODRIGUEZ MIGUEL;
As Cold As Brain;Original Mix;UACT11600073;Bassencore;DUMKA MAKSIM VADIMOVYCH;
Inland;Original Mix;UACT11600074;Bulbajar;REZNICHENKO ROMAN VLADIMIROVYCH;
Quasar;Original Mix;UACT11600075;CJ ARTUR;LYZHOV ARTUR EVGENEVYCH;
Starting To See;Original Mix;UACT11600076;Electroshock;REDKOLIS DMITRIY OLEGOVYCH;
Evelina;Special Mix Edit;UACT11600077;Flying Point;VOLKOV YEVGENIY VALERIYEVYCH;
Hydra`s Kingdom;Original Mix;UACT11600078;Haxxy;MUDRAK IVAN VLADIMIROVYCH;
Noisy Silence;Original Mix;UACT11600079;Laskevich;LASKEVYCH YURIY VIKTOROVYCH;
Our Story;Original Mix;UACT11600080;Max Sajnev;SAZHNEV MAKSIM SERGEYEVYCH;
Crystal Halo;Original Mix;UACT11600081;Montee;FROLOV SERGEY VITALYEVYCH;
Lume;Original Mix;UACT11600082;Montee;FROLOV SERGEY VITALYEVYCH;
Quasar Journey;Original Mix;UACT11600083;Montee;FROLOV SERGEY VITALYEVYCH;
Stop Rollin Your Bones (&listen2me);Original Mix;UACT11600084;Neural Clan;DANIYELYAN ARTUR VALERIYEVYCH;
Nebula;Original Mix;UACT11600085;Orbit;SADCHIKOV DENIS PAVLOVYCH;
Sona;Original Mix;UACT11600086;SK85;KOMPLEKTOV SERGEI NIKOLAEVYCH;
There Where Are You;Original Mix;UACT11600087;Rousing;GONCHARUK OLEG ANATOLIYOVYCH;
If You Leave Me Now;Original Mix;UACT11600088;Saskin S;SELMIR SASKIN;
Waves Peace;Original Mix;UACT11600089;Vitalii Sky;IVASHCHENKO VITALY ANATOLIEVYCH;
Bubble;Original Mix;UACT11600090;Conrad Product;CONRADO ROMERO;
Moody;Original Mix;UACT11600091;Massimo Gentile;GENTILE MASSIMO;
Over;Original Mix;UACT11600092;Monovakzin;REZNICHENKO ROMAN VLADIMIROVYCH;
Over;Long Night Extended;UACT11600095;Monovakzin;REZNICHENKO ROMAN VLADIMIROVYCH;
Shamer;Original Mix;UACT11600107;Andy Groove;TARANENKO ANDREY ARMENOVYCH;
Three Of Us;Original Mix;UACT11600108;Art Alien;LAZAREV SERGIY GEORGIEVYCH;
Miracle;Original Mix;UACT11600109;Cherry & Andi Vax;CHERKES OLEG ANATOLYEVYCH;
Your Way;Original Mix;UACT11600110;Daniel X;VLASOV DANIIL VIACHESLAVOVYCH;
Tomor;Original Mix;UACT11600111;dENNY SunShine;SHCHERBAKOV DENIS VLADISLAVOVYCH;
The City Of Dreams;Edit Mix;UACT11600112;Edward Madison;MAKHMUDOV EMIL ARABKHAN OGLY;
Space Breeze;Original Mix;UACT11600113;George Gee;ZHURBA ROMAN NIKOLAEVYCH;
Closer;Original Mix;UACT11600114;Igor Graphite;BOBONICH IGOR NIKOLAEVYCH;
I Feel Paradise;Original Mix;UACT11600115;Mario;SHEVCHENKO MARAT OTAROVYCH;
Past;Original Mix;UACT11600116;Max Sajnev;SAZHNEV MAKSIM SERGEYEVYCH;
Innervision;Original Mix;UACT11600117;Neopoly Project;POLIAKOV DENIS VALENTINOVYCH;
Pandora;Original Mix;UACT11600118;Neopoly Project;KHANIN ARTEM GENNADIEVYCH | POLIAKOV DENIS VALENTINOVYCH;
King;Original Mix;UACT11600119;One Spirit;VORONTSOV VLADISLAV IGOREVYCH;
Instants;Original Mix;UACT11600120;Pafosnyh;LEBEDEV YAROSLAV MIKHAYLOVYCH;
I Wish You Stay;Original Mix;UACT11600121;Soundlife;YERESHCHENKO YEVGENIY ALEKSEYEVYCH;
September;Original Mix;UACT11600043;Alexandr Zarva;ZARVA ALEXANDR SERGEEVYCH;
There Where Are You;Original Mix;UACT11600087;Rousing;GONCHARUK OLEG ANATOLIYOVYCH;
Piano Waves;Original Mix;UACT11600020;Neopoly Project;POLIAKOV DENIS VALENTINOVYCH;
Modestina;Original Mix;UACT11600023;Seth&Rise;TCYMBALIUK DMITRII ALEKSANDROVYCH;
Black Room;Original Mix;UACT11200039;Esford;LYMARENKO VITALY VIKTOROVYCH;
BassFriction;Original Mix;UACT11600045;De`mystique;TARANENKO ALEKSANDR LEONIDOVYCH;
I'm At Home;Original Mix;UACT11600002;Brain Control;PODAKIN ALEKSEI VLADIMIROVYCH;
Sonar;Original Mix;UACT11600005;Daniel X;VLASOV DANIIL VIACHESLAVOVYCH;
Mojahet;Original Mix;UACT11600047;Dropboy;TSYMBALYUK DMITRIY ALEKSANDROVYCH;
HAZE;Original Mix;UACT11600052;Moon Shot & CJ EDU;KRAVCHUK SERGEI ALEKSANDROVYCH | MOSHLYAK SERGEY SERGEYEVYCH | POZOVNYY EDUARD YURYEVYCH;
Listen The End;Original Mix;UACT11600055;Seth&Rise;TCYMBALIUK DMITRII ALEKSANDROVYCH;
Rollerblast;Original Mix;UACT11600072;Miguel Rodriguez;RODRIGUEZ MIGUEL;
Blind;Original Mix;UACT11600010;SK85;KOMPLEKTOV SERGEI NIKOLAEVYCH;
Sole Voce;Original Mix;UACT11500100;Haxxy;MUDRAK IVAN VLADIMIROVYCH;
Stellarium;Original Mix;UACT11600127;DJ KoT;KOTOV YAKOV ALEKSANDROVYCH;
Planet Mus;Original Mix;UACT11600128;Roman Sweet;BROVKIN ROMAN ROMANOVYCH;
2 Days In The Ocean;Original Mix;UACT11600126;Dmitry Dorohan;DOROHAN DMITRIY OLEKSANDROVYCH;
Bow Wow;Original Mix;UACT11600130;Anish Anand;ANAND ANISH;
SKYROOM;Original Mix;UACT11600131;MacroVision;GAEVIK RUSLAN IGOREVYCH;
Balance;Original Mix;UACT11600132;Marver;MARCO DEL TURCO;
Kid Funk;Original Mix;UACT11600134;Mark Faderfaz;MINEO MARCELLO;
Deep City;Original Mix;UACT11600135;Mark Faderfaz;MINEO MARCELLO;
Play House;Old School Mix;UACT11600136;Mark Faderfaz;MINEO MARCELLO;
About Dat;Original Mix;UACT11600138;Funk X Rish;KOUTINAS TERRY | SAKSENA RISHABH;
Tear It Up;Original Mix;UACT11600139;Funk X Rish;KOUTINAS TERRY | SAKSENA RISHABH;
Beneath;Original Mix;UACT11600146;Bulbajar;REZNICHENKO ROMAN VLADIMIROVYCH;
Splizer;Original Mix;UACT11600147;Bulbajar;REZNICHENKO ROMAN VLADIMIROVYCH;
Draw From Memory;Original Mix;UACT11600148;Flying Point;VOLKOV YEVGENIY VALERIYEVYCH;
Vesnjanka;Extended Edition;UACT11600149;Go-A;SHEVCHENKO TARAS MIKHAYLOVYCH;
Who Eased Our Woe;Original Mix;UACT11600150;Haxxy;MUDRAK IVAN VLADIMIROVYCH;
Your Love;Original Mix;UACT11600151;INME;DYACHOK ALEKSEI SERGEEVYCH;
Perfect Dark;Original Mix;UACT11600152;Lithium;PRIKHODKO VLADISLAV VITALYEVYCH;
Color Spectrum;Original Mix;UACT11600153;Orbit;SADCHIKOV DENIS PAVLOVYCH;
Sold Out;Original Mix;UACT11600154;Orbit;KOZAK SERGEY VITALYEVYCH | SADCHIKOV DENIS PAVLOVYCH;
Old New Style;Original Mix;UACT11600155;Pafosnyh;LEBEDEV YAROSLAV MIKHAYLOVYCH;
Morbid Symphony;Original Mix;UACT11600156;Plane Dead;TIMCHENKO DMITRIY ANDREYEVYCH;
Siberian Berry;Original Mix;UACT11600157;Riolie;NOVAK YURIY GRIGORIEVYCH;
Melody Fall;Original Mix;UACT11600158;SK85;KOMPLEKTOV SERGEI NIKOLAEVYCH;
Proteus;Original Mix;UACT11600163;Andy Groove & Asheria;TARANENKO ANDREY ARMENOVYCH;
What Clubber Doesn't Like A Wilde Set;Original Mix;UACT11600164;Art Alien;LAZAREV SERGIY GEORGIEVYCH;
Live Mashine;Original Mix;UACT11600165;George Gee;ZHURBA ROMAN NIKOLAEVYCH;
Puf - Puf;Original Mix;UACT11600166;Laskevich;LASKEVYCH YURIY VIKTOROVYCH;
Twisted Cloud;Original Mix;UACT11600167;Maximus Eyforie;DOVNICH MAKSIM IGOREVYCH;
Infiniteyli;Original Mix;UACT11600168;Romeo 112;KRAVCHENKO ROMAN ALEKSANDROVYCH;
Eterniny;Original Mix;UACT11600169;Romixon;DUBOVETC ROMAN IGOREVYCH;
Sad Day;Original Mix;UACT11600170;Sluice;SLESARENKO SERGEY ALEKSANDROVYCH;
Sunrise;Original Mix;UACT11600171;Sluice;MINEO MARCELLO | YERESHCHENKO YEVGENIY ALEKSEYEVYCH | KULINICH ALEKSEI NIKOLAEVYCH | SLESARENKO SERGEY ALEKSANDROVYCH;
Zero Gravity;Original Mix;UACT11600172;Vitaliy Shot;IVANEYKO VITALIY EVGENYEVYCH;
Steez;Original Mix;UACT11600173;Vlad&Vlad;PLAKHOTNICHENKO VLADISLAV ANATOLYEVYCH | VOLIK VLADISLAV VIKTOROVYCH;
Whisper;Original Mix;UACT11600174;Vlad&Vlad;PLAKHOTNICHENKO VLADISLAV ANATOLYEVYCH | VOLIK VLADISLAV VIKTOROVYCH;
Stop The War;Original Mix;UACT11600175;Vyacheslav Demchenko;DEMCHENKO VYACHESLAV LEONIDOVYCH;
The Pain;Original Mix;UACT11600176;Vyacheslav Demchenko;DEMCHENKO VYACHESLAV LEONIDOVYCH;
The Paradise;Original Mix;UACT11600177;Vyacheslav Demchenko;DEMCHENKO VYACHESLAV LEONIDOVYCH;
October;Original Mix;UACT11600012;Boom Chilla;GOLUB VYACHESLAV EDUARDOVYCH | SOBUR DMITRIY ANATOLYEVYCH;
September;Original Mix;UACT11600043;Alexandr Zarva;ZARVA ALEXANDR SERGEEVYCH;
There Where Are You;Original Mix;UACT11600087;Rousing;GONCHARUK OLEG ANATOLIYOVYCH;
Piano Waves;Original Mix;UACT11600020;Neopoly Project;POLIAKOV DENIS VALENTINOVYCH;
Over;Original Mix;UACT11600092;Monovakzin;REZNICHENKO ROMAN VLADIMIROVYCH;
Moody;Original Mix;UACT11600091;Massimo Gentile;GENTILE MASSIMO;
Bustling Space;Terry Raze Remix;UACT11500134;INME & 8.30AM;DYACHOK ALEKSEI SERGEEVYCH;Terry Raze
Intek;Original Mix;UACT11600057;Terry Raze;RYMAR TARAS GRIGORYEVYCH;
Kyiv House;Original Mix;UACT11500149;Daniel X;VLASOV DANIIL VIACHESLAVOVYCH;
Yokito;Original Mix;UACT11500135;Marc Franco;FRANCO MECA MARC;
Black Room;Original Mix;UACT11200039;Esford;LYMARENKO VITALY VIKTOROVYCH;
Stop Rollin Your Bones (&listen2me);Original Mix;UACT11600084;Neural Clan;DANIYELYAN ARTUR VALERIYEVYCH;
HAZE;Original Mix;UACT11600052;Moon Shot & CJ EDU;KRAVCHUK SERGEI ALEKSANDROVYCH | MOSHLYAK SERGEY SERGEYEVYCH | POZOVNYY EDUARD YURYEVYCH;
Listen The End;Original Mix;UACT11600055;Seth&Rise;TCYMBALIUK DMITRII ALEKSANDROVYCH;
Exp;Original Mix;UACT11600007;Mechanical Wave;SOLOMKA ANDREY VALERIEVYCH;
Selesta;Original Mix;UACT11500155;Yuriy Berliny;CHEBELYUK YURIY;
Gate Gate;Original Mix;UACT11600001;AVC;KULINICH ALEKSEI NIKOLAEVYCH;
BassFriction;Original Mix;UACT11600045;De`mystique;TARANENKO ALEKSANDR LEONIDOVYCH;
24th Floor;Original Mix;UACT11600006;Lime K;GRISHKO DMITRII ALEKSANDROVYCH;
I'm At Home;Original Mix;UACT11600002;Brain Control;PODAKIN ALEKSEI VLADIMIROVYCH;
Rollerblast;Original Mix;UACT11600072;Miguel Rodriguez;RODRIGUEZ MIGUEL;
Code Red;Original Mix;UACT11600004;Daniel X;VLASOV DANIIL VIACHESLAVOVYCH;
Sonar;Original Mix;UACT11600005;Daniel X;VLASOV DANIIL VIACHESLAVOVYCH;
Therapy;Original Mix;UACT11600009;Seth&Rise;TCYMBALIUK DMITRII ALEKSANDROVYCH;
Bigband;Original Mix;UACT11700001;Mark Faderfaz;MINEO MARCELLO;
Master Beat;Original Mix;UACT11700002;Mark Faderfaz;MINEO MARCELLO;
Upbeat;Original Mix;UACT11700003;Mark Faderfaz;MINEO MARCELLO;
Revival (Part I);Original Mix;UACT11700004;Askin Dedeoglu;DEDEOGLU ASKIN;
Rising;Original Mix;UACT11700005;Askin Dedeoglu;DEDEOGLU ASKIN;
Sleepless;Original Mix;UACT11700006;Askin Dedeoglu;DEDEOGLU ASKIN;
Orbit;Original Mix;UACT11700007;Askin Dedeoglu;DEDEOGLU ASKIN;
Aubade;Original Mix;UACT11700008;Askin Dedeoglu;DEDEOGLU ASKIN;
Space Cowboy;Original Mix;UACT11700009;Askin Dedeoglu;DEDEOGLU ASKIN;
Nocturnal;Original Mix;UACT11700010;Askin Dedeoglu;DEDEOGLU ASKIN;
Revival (Part II);Original Mix;UACT11700011;Askin Dedeoglu;DEDEOGLU ASKIN;
Running Kiev;Original Mix;UACT11700014;Yan Oxygen;CHUB YAN OLEGOVYCH;
Labyrinth;Original Mix;UACT11700013;Yan Oxygen;CHUB YAN OLEGOVYCH;
Mutto;Original Mix;UACT11700015;Technolog;BONDARENKO VASILIY YURIEVYCH;
Calm;Original Mix;UACT11700016;Technolog;BONDARENKO VASILIY YURIEVYCH;
Devon;Original Mix;UACT11700017;Technolog;BONDARENKO VASILIY YURIEVYCH;
Extract;Original Mix;UACT11700018;Technolog;BONDARENKO VASILIY YURIEVYCH;
Autumn;Original Mix;UACT11700019;Filya Trevelyan;BRO SAMI;
Chicago;Original Mix;UACT11700020;Filya Trevelyan;BRO SAMI;
404;Original Mix;UACT11700021;Filya Trevelyan;BRO SAMI;
Sunrise;Original Mix;UACT11600030;AVC;MINEO MARCELLO | YERESHCHENKO YEVGENIY ALEKSEYEVYCH | KULINICH ALEKSEI NIKOLAEVYCH | SLESARENKO SERGEY ALEKSANDROVYCH;
Over;Long Night Extended;UACT11600095;Monovakzin;REZNICHENKO ROMAN VLADIMIROVYCH;
Kid Funk;Original Mix;UACT11600134;Mark Faderfaz;MINEO MARCELLO;
Vanilla;Edit;UACT11700022;Montee;FROLOV SERGEY VITALYEVYCH;
Calm;Original Mix;UACT11700016;Technolog;BONDARENKO VASILIY YURIEVYCH;
Orbit;Original Mix;UACT11700007;Askin Dedeoglu;DEDEOGLU ASKIN;
Running Kiev;Original Mix;UACT11700014;Yan Oxygen;CHUB YAN OLEGOVYCH;
I Feel Paradise;Original Mix;UACT11600115;Mario;SHEVCHENKO MARAT OTAROVYCH;
Chicago;Original Mix;UACT11700020;Filya Trevelyan;BRO SAMI;
Vesnjanka;Extended Edition;UACT11600149;Go-A;SHEVCHENKO TARAS MIKHAYLOVYCH;
Tale Of The Night;Original Mix;UACT11700023;Binary Energy;GARMASH VOLODYMYR VOLODYMYROVYCH;
Cessation;Original Mix;UACT11700024;Adellacosta;OVANDO HAROLD;
Hollow;Original Mix;UACT11700025;Adellacosta;OVANDO HAROLD;
Millennials;Original Mix;UACT11700026;Adellacosta;OVANDO HAROLD;
Restless;Original Mix;UACT11700027;Adellacosta;LINCHEVSKY BOGDAN IGOROVYCH;
Identification;Original Mix;UACT11700028;Vitalii Sky;IVASHCHENKO VITALIY ANATOLYEVYCH;
Magic House;Original Mix;UACT11700029;Vitalii Sky;IVASHCHENKO VITALIY ANATOLYEVYCH;
Without Stopping;Original Mix;UACT11700030;Vitalii Sky;IVASHCHENKO VITALIY ANATOLYEVYCH;
Crybaby;Original Mix;UACT11700031;Jorhero;CABALLERO JORHE;
Last Dawn;Original Mix;UACT11700032;Jorhero;CABALLERO JORHE;
My Groove;Original Mix;UACT11800001;Daniel X;VLASOV DANIIL VIACHESLAVOVYCH;
Vibe;Original Mix;UACT11800002;Daniel X;LAZAREV SERGIY GEORGIEVYCH;
Rock To The Rhythm;Original Mix;UACT11800003;Daniel X;VLASOV DANIIL VIACHESLAVOVYCH;
Beautiful Moments;Original Mix;UACT11800005;Roman Sweet;BROVKIN ROMAN ROMANOVYCH;
Mrs. Cat;Original Mix;UACT11800004;Roman Sweet;BROVKIN ROMAN ROMANOVYCH;
Afrodipa;Original Mix;UACT11800006;Pruha;MOLCHANOV PHILIPP EVGENYEVYCH;
Icarus;Original Mix;UACT11800007;Pruha;MOLCHANOV PHILIPP EVGENYEVYCH;
Ninja;Original Mix;UACT11800008;Pruha;MOLCHANOV PHILIPP EVGENYEVYCH;
Minimaligetto;Original Mix;UACT11800009;Pruha;MOLCHANOV PHILIPP EVGENYEVYCH;
In This Moment;Original Mix;UACT11800010;Pruha;MOLCHANOV PHILIPP EVGENYEVYCH;
Phantasma;Original Mix;UACT11800011;Sqalektiq;UPADHYA VINAYAK ;
Paradox;Original Mix;UACT11800012;Sqalektiq;UPADHYA VINAYAK ;
Vertica;Original Mix;UACT11800013;Sqalektiq;UPADHYA VINAYAK ;
Fill Ill;Original Mix;UACT11800014;Monovakzin;Monovakzin;
TIME2;Original Mix;UACT11800015;Monovakzin;Monovakzin;
Zombie Robot's Moving;Original Mix;UACT11800016;Monovakzin;Monovakzin;
Tale Of The Night;Original Mix;UACT11700023;Binary Energy;GARMASH VOLODYMYR VOLODYMYROVYCH;
Hollow;Original Mix;UACT11700025;Adellacosta;OVANDO HAROLD;
Mrs. Cat;Original Mix;UACT11800004;Roman Sweet;BROVKIN ROMAN ROMANOVYCH;
Magic House;Original Mix;UACT11700029;Vitalii Sky;IVASHCHENKO VITALIY ANATOLYEVYCH;
Icarus;Original Mix;UACT11800007;Pruha;MOLCHANOV PHILIPP EVGENYEVYCH;
Stereoland;Carl Bee Remix;UACT11300087;Sergio Mega;LAZAREV SERGIY GEORGIEVYCH;Carl Bee
Paradox;Original Mix;UACT11800012;Sqalektiq;UPADHYA VINAYAK ;
Last Dawn;Original Mix;UACT11700032;Jorhero;CABALLERO JORHE;
Lemon Juice;Original Mix;UACT11200110;Vitamindevil;KOCHKUROV VITALII SERGEEVYCH;
Tray;Original Mix;UACT11100245;Yan Oxygen;CHUB YAN OLEGOVYCH;
Alone On The Clouds (Intro);Original Mix;UACT11800017;Sergio Mega;LAZAREV SERGIY GEORGIEVYCH;
City Breathing;Original Mix;UACT11800018;Sergio Mega;LAZAREV SERGIY GEORGIEVYCH;
At Her Majesty's Service;Original Mix;UACT11800019;Onien;JOSIPOVIC OGNJEN ;
Back Up;Original Mix;UACT11800020;Onien;JOSIPOVIC OGNJEN ;
Vinyl Memories;Original Mix;UACT11800021;Vitalii Sky;IVASHCHENKO VITALIY ANATOLYEVYCH;
White Nights;Original Mix;UACT11800022;Vitalii Sky;IVASHCHENKO VITALIY ANATOLYEVYCH;
Ja;Original Mix;UACT11800023;UUOO;MOZGOVOY DENIS;
Stay Down;Original Mix;UACT11800024;UUOO;WOOSTER SAMUEL;
The Train Will Not Stop;Original Mix;UACT11800026;Solo Mind;ZORENKO OLEKSANDR VIKTOROVYCH;
Cybercube;Original Mix;UACT11800025;Pruha;MOLCHANOV PHILIPP EVGENYEVYCH;
Reflection;Original Mix;UACT11800027;R-Mix;R-Mix;
Again;Original Mix;UACT11800028;David Mayboroda;MAYBORODA DAVYD YEVHENOVYCH;
Again;Extended Mix;UACT11800029;David Mayboroda;MAYBORODA DAVYD YEVHENOVYCH;
Again;Deepstereo Remix;UACT11800030;David Mayboroda;MAYBORODA DAVYD YEVHENOVYCH;Deepstereo
Show Me;Original Mix;UACT11800031;Gaty Lopez;LOPEZ GAETANO;
Show Me;Monovakzin Remix;UACT11800032;Gaty Lopez;LOPEZ GAETANO;Monovakzin
Show Me;Sergio Mega Remix;UACT11800033;Gaty Lopez;LOPEZ GAETANO;Sergio Mega
Acid Pace;Original Mix;UACT11900001;Ki Yera;LAZAREV SERGIY GEORGIEVYCH;
Acid Pace;Monovakzin Remix;UACT11900002;Ki Yera;LAZAREV SERGIY GEORGIEVYCH;Monovakzin
Acid Pace;Pruha Remix;UACT11900003;Ki Yera;LAZAREV SERGIY GEORGIEVYCH;Pruha
Acid Pace;RAFO Remix;UACT11900004;Ki Yera;LAZAREV SERGIY GEORGIEVYCH;RAFO
Acid Pace;Vitalii Sky Remix;UACT11900005;Ki Yera;LAZAREV SERGIY GEORGIEVYCH;Vitalii Sky
Affinity Diagram;Original Mix;UACT11900006;Monovakzin;REZNICHENKO ROMAN VLADIMIROVYCH;
Arterial Road;Original Mix;UACT11900007;Monovakzin;REZNICHENKO ROMAN VLADIMIROVYCH;
Pasteboard;Original Mix;UACT11900008;Monovakzin;REZNICHENKO ROMAN VLADIMIROVYCH;
Acid;Original Mix;UACT11900009;Rayzers;LAZAREV SERGIY GEORGIEVYCH;
Ilex;Original Mix;UACT11900010;Rayzers;RYBICHUK DMYTRO YURIEVYCH;
Back 2 The Future;Original Mix;UACT11900011;Sergio Mega;LAZAREV SERGIY GEORGIEVYCH;
Back 2 The Future;Monovakzin Remix;UACT11900012;Sergio Mega;LAZAREV SERGIY GEORGIEVYCH;Monovakzin
Kyiv House;Original Mix;UACT11500149;Daniel X;VLASOV DANIIL VIACHESLAVOVYCH;
Luna;Original Mix;UACT11500150;Daniel X;VLASOV DANIIL VIACHESLAVOVYCH;
Ancestral Spirits;Original Mix;UACT12000001;Pruha;MOLCHANOV PHILIPP EVGENYEVYCH;
High Tide;Original Mix;UACT12000002;Pruha;MOLCHANOV PHILIPP EVGENYEVYCH;
Rewind;Original Mix;UACT12000003;Pruha;MOLCHANOV PHILIPP EVGENYEVYCH;
Innovation Injustice;Original Mix;UACT12000005;Skylined;LINCHEVSKY BOGDAN IGOROVYCH;
The Stars Are A Look Back In Time;Original Mix;UACT12000006;Skylined;LINCHEVSKY BOGDAN IGOROVYCH;
Visual Snow;Original Mix;UACT12000004;Skylined;LINCHEVSKY BOGDAN IGOROVYCH;
Elevator Number 7;Original Mix;UACT12100001;Vitalii Sky;IVASHCHENKO VITALIY ANATOLYEVYCH;
Follow Me;Original Mix;UACT12100002;Vitalii Sky;IVASHCHENKO VITALIY ANATOLYEVYCH | MITROFANOV DMITRIY ALEKSANDROVYCH;
Keep The Pace;Original Mix;UACT12100003;Vitalii Sky;IVASHCHENKO VITALIY ANATOLYEVYCH;
Deep Forest;Original Mix;UACT12100004;Cream Croc & DJ Jivan;CHERNIA VOLODYMYR OLEKSIYOVYCH | MASLAKOV VADYM MYKOLAYOVYCH;
Deep Forest;Video Edit;UACT12100005;Cream Croc & DJ Jivan;CHERNIA VOLODYMYR OLEKSIYOVYCH | MASLAKOV VADYM MYKOLAYOVYCH;
Guest;Original Mix;UACT12100006;Basslucy;PAYDAR VALID;
Moondancer;Original Mix;UACT12100007;Basslucy;PAYDAR VALID;
Moondancer;Sergio Mega Remix;UACT12100008;Basslucy;PAYDAR VALID;Sergio Mega
Moondancer;Cream Croc Remix;UACT12100009;Basslucy;PAYDAR VALID;Cream Croc
Moondancer;Skylined Remix;UACT12100010;Basslucy;PAYDAR VALID;Skylined
We The People;Original Mix;UACT12200001;Vitalii Sky;IVASHCHENKO VITALII ANATOLEVYCH;
Dreaming;Original Mix;UACT12200002;Refinders;PEREVOZCHIKOV VLADYSLAV MYKOLAYOVYCH;
Dreaming;Cream Croc Remix;UACT12200003;Refinders;PEREVOZCHIKOV VLADYSLAV MYKOLAYOVYCH;Cream Croc
Dreaming;Feelmark & Lirity Remix;UACT12200004;Refinders;PEREVOZCHIKOV VLADYSLAV MYKOLAYOVYCH;Feelmark & Lirity
Dreaming;John Kayder Remix;UACT12200005;Refinders;PEREVOZCHIKOV VLADYSLAV MYKOLAYOVYCH;John Kayder
Dreaming;Original Mix;UACT12200002;Refinders;PEREVOZCHIKOV VLADYSLAV MYKOLAYOVYCH;
Hope;Original Mix;UACT12300001;Refinders;PEREVOZCHIKOV VLADYSLAV MYKOLAYOVYCH;
Rolling;Original Mix;UACT12300002;Refinders;PEREVOZCHIKOV VLADYSLAV MYKOLAYOVYCH | DYACHOK ALEKSEY SERGEEVYCH;
Power Over Me;Original Mix;UACT12300003;Refinders;PEREVOZCHIKOV VLADYSLAV MYKOLAYOVYCH;
Your Secrets;Original Mix;UACT12300004;Refinders;PEREVOZCHIKOV VLADYSLAV MYKOLAYOVYCH;
Day #1;Original Mix;UACT12300005;Refinders;PEREVOZCHIKOV VLADYSLAV MYKOLAYOVYCH;
Sad Baby;Original Mix;UACT12300006;Refinders;PEREVOZCHIKOV VLADYSLAV MYKOLAYOVYCH;
Skyfall;Original Mix;UACT12300007;Refinders;PEREVOZCHIKOV VLADYSLAV MYKOLAYOVYCH;
Brahman x Atman;Original Mix;UACT12300008;4yklive;SHEVCHUK VLADIMIR ANDREEVYCH;
Mutagen;Original Mix;UACT12300009;4yklive;SHEVCHUK VLADIMIR ANDREEVYCH;
How I Spent My Summer;Original Mix;UACT12300010;4yklive;SHEVCHUK VLADIMIR ANDREEVYCH;
Nail Rain;Original Mix;UACT12300011;4yklive;SHEVCHUK VLADIMIR ANDREEVYCH;
Melanin;Original Mix;UACT12300012;4yklive;SHEVCHUK VLADIMIR ANDREEVYCH;
Noiz Hit;Original Mix;UACT12300013;4yklive;SHEVCHUK VLADIMIR ANDREEVYCH;
Amusia;Original Mix;UACT12300014;4yklive;SHEVCHUK VLADIMIR ANDREEVYCH;
DEAF GBC;Original Mix;UACT12300015;4yklive;SHEVCHUK VLADIMIR ANDREEVYCH;
Night In The Forest;Original Mix;UACT12300016;4yklive;SHEVCHUK VLADIMIR ANDREEVYCH;
Autizm;Original Mix;UACT12300017;4yklive;SHEVCHUK VLADIMIR ANDREEVYCH;
Irpin;Original Mix;UACT12300018;Prohor;LAZAREV SERGIY GEORGIYOVYCH | PROHORENKO OLEKSANDR VIKTOROVYCH;
Irpin;Instrumental Mix;UACT12300019;Prohor;LAZAREV SERGIY GEORGIYOVYCH | PROHORENKO OLEKSANDR VIKTOROVYCH ;
Irpin;Radio Mix;UACT12300020;Prohor;LAZAREV SERGIY GEORGIYOVYCH | PROHORENKO OLEKSANDR VIKTOROVYCH;
The Invasion;Original Mix;UACT12300021;Detcom;PRONIN DANYIL FAZILOVYCH;
Straightforward;Original Mix;UACT12300022;Skylined;LINCHEVSKY BOGDAN IGOROVYCH;
Chemical Diving;Original Mix;UACT12300023;Skylined;LINCHEVSKY BOGDAN IGOROVYCH;
Sea Of Cassin;Original Mix;UACT12300024;Kevin McCallister;ICARDI ALESSANDRO;
Bad Taste;Original Mix;UACT12300025;Kevin McCallister;ICARDI ALESSANDRO;
The Drums;Original Mix;UACT12300026;Vitalii Sky;IVASHCHENKO VITALII ANATOLEVYCH;
Euphoria;Original Mix;UACT12300027;Vitalii Sky;IVASHCHENKO VITALII ANATOLEVYCH | BROVKIN ROMAN ROMANOVYCH;
Get A Feel;Original Mix;UACT12300028;Ki Yera;LAZAREV SERGIY GEORGIYOVYCH;
Kolyskova;Original Mix;UACT12300029;Ki Yera;LAZAREV SERGIY GEORGIYOVYCH;
Walk In The Dark;Original Mix;UACT12300030;Sergio Mega;LAZAREV SERGIY GEORGIYOVYCH;
Forest Song;Original Mix;UACT12300031;Sergio Mega;LAZAREV SERGIY GEORGIYOVYCH;
Dignity Electrification;Original Mix;UACT12300032;Skylined;LINCHEVSKY BOGDAN IGOROVYCH;
Restless;Original Mix;UACT12300033;Skylined;LINCHEVSKY BOGDAN IGOROVYCH;
Unimprovable Things;Original Mix;UACT12300034;Skylined;LINCHEVSKY BOGDAN IGOROVYCH;
The Will To Win;Original Mix;UACT12300035;Dariya Letto;KEBA DARIA MYKOLAEVNA;
Morning;Original Mix;UACT12300036;Dariya Letto;KEBA DARIA MYKOLAEVNA;
Time;Original Mix;UACT12300037;Dariya Letto;KEBA DARIA MYKOLAEVNA;
Travel;Original Mix;UACT12300038;Dariya Letto;KEBA DARIA MYKOLAEVNA;
Richat Structure;Original Mix;UACT12300039;Kevin McCallister;ICARDI ALESSANDRO;
Semsiyat Dome;Original Mix;UACT12300040;Kevin McCallister;ICARDI ALESSANDRO;
Autumn;Original Mix;UACT12300041;Dariya Letto;BRO SAMI;
Expectation;Original Mix;UACT12300042;Dariya Letto;KEBA DARIA MYKOLAEVNA;
Good Day;Original Mix;UACT12300043;Dariya Letto;KEBA DARIA MYKOLAEVNA | BUSHLYA OLEG EVGENEVYCH;
No Time;Original Mix;UACT12300044;Dariya Letto;KEBA DARIA MYKOLAEVNA;
Electro Groove Odyssey;Original Mix;UACT12300045;Bas Kunnen;KUNNEN BAS;
Spin It Back;Original Mix;UACT12300046;Sergio Mega;LAZAREV SERGIY GEORGIYOVYCH;
Spin It Back X Electro Groove Odyssey;Special Sergio Mega Mashup;UACT12300047;Sergio Mega, Bas Kunnen;LAZAREV SERGIY GEORGIYOVYCH | KUNNEN BAS;Sergio Mega
Adelante;Original Mix;UACT12300048;Artlif3;PERALI ASHKAN;
Heart of Darkness;Original Mix;UACT12300049;Artlif3;PERALI ASHKAN;
Hot Winter;Original Mix;UACT12300050;Artlif3;PERALI ASHKAN;
Real Life;Original Mix;UACT12300051;Artlif3;PERALI ASHKAN;
The Invasion;Original Mix;UACT12300021;Detcom;PRONIN DANYIL FAZILOVYCH;
Forest Song;Original Mix;UACT12300031;Sergio Mega;LAZAREV SERGIY GEORGIYOVYCH;
Sea Of Cassin;Original Mix;UACT12300024;Kevin McCallister;ICARDI ALESSANDRO;
Real Life;Original Mix;UACT12300051;Artlif3;PERALI ASHKAN;
Dreaming;Cream Croc Remix;UACT12200003;Refinders;PEREVOZCHIKOV VLADYSLAV MYKOLAYOVYCH;Cream Croc
Get A Feel;Original Mix;UACT12300028;Ki Yera;LAZAREV SERGIY GEORGIYOVYCH;
Straightforward;Original Mix;UACT12300022;Skylined;LINCHEVSKY BOGDAN IGOROVYCH;
We The People;Original Mix;UACT12200001;Vitalii Sky;IVASHCHENKO VITALII ANATOLEVYCH;
Spin It Back X Electro Groove Odyssey;Special Sergio Mega Mashup;UACT12300047;Sergio Mega, Bas Kunnen;LAZAREV SERGIY GEORGIYOVYCH | KUNNEN BAS;Sergio Mega
Nail Rain;Original Mix;UACT12300011;4yklive;SHEVCHUK VLADIMIR ANDREEVYCH;
Canta Mas Fuerte El Corazon;Original Mix;UACT12400001;Vitalii Sky;IVASHCHENKO VITALII ANATOLEVYCH;
Bien Pero;Original Mix;UACT12400002;Vitalii Sky;IVASHCHENKO VITALII ANATOLEVYCH;
Spring;Original Mix;UACT12400003;Dariya Letto;POLIAKOV DENIS VALENTINOVYCH;
Obsession;Original Mix;UACT12400004;Dariya Letto;KEBA DARIA MYKOLAEVNA | KOROVIN OLEG  OLEGOVYCH | DROZDOVROMAN  VLADIMIROVYCH;
Return;Original Mix;UACT12400005;Dariya Letto;KEBA DARIA MYKOLAEVNA;
Remember Me;Original Mix;UACT12400006;Dariya Letto;KEBA DARIA MYKOLAEVNA;
Incipience;Original Mix;UACT12400007;Dariya Letto;KEBA DARIA MYKOLAEVNA;
Loneliness;Original Mix;UACT12400008;Dariya Letto;KEBA DARIA MYKOLAEVNA;
Moments;Original Mix;UACT12400009;Dariya Letto;LINCHEVSKY BOGDAN IGOROVYCH;
Petrichor;Original Mix;UACT12400010;Dolä;DOLYA SVITLANA OLEKSANDRIVNA |  LAZAREV SERGIY GEORGIYOVYCH;
Wave;Original Mix;UACT12400011;Dolä;DOLYA SVITLANA OLEKSANDRIVNA | LAZAREV SERGIY GEORGIYOVYCH;
5 AM;Original Mix;UACT12500001;zer0-zer0-1;CHRISTIAN RIVERA GOEMAN;
Arpie;Original Mix;UACT12500002;zer0-zer0-1;CHRISTIAN RIVERA GOEMAN;
Drive Attack;Original Mix;UACT12500003;zer0-zer0-1;CHRISTIAN RIVERA GOEMAN;
Unease;Original Mix;UACT12500006;zer0-zer0-1;CHRISTIAN RIVERA GOEMAN;
Greysynth Eternia;Original Mix;UACT12500004;zer0-zer0-1;CHRISTIAN RIVERA GOEMAN;
Psycho Waves;Original Mix;UACT12500005;zer0-zer0-1;CHRISTIAN RIVERA GOEMAN;
Frequency Exploration;Original Mix;UACT12500008;Low Communication;LINCHEVSKY BOGDAN IGOROVYCH;
Programmed People;Original Mix;UACT12500009;Low Communication;LINCHEVSKY BOGDAN IGOROVYCH;
Old Future;Original Mix;UACT12500010;Low Communication;LINCHEVSKY BOGDAN IGOROVYCH;
Clumsiness;Original Mix;UACT12500011;Low Communication;LINCHEVSKY BOGDAN IGOROVYCH;
Journey to Exosphere;Original Mix;UACT12500012;Low Communication;LINCHEVSKIY BOHDAN IGOROVYCH;
A Muffled Technology Cry;Original Mix;UACT12500013;Low Communication;LINCHEVSKIY BOHDAN IGOROVYCH;
On the Edge;Original Mix;UACT12500014;Low Communication;LINCHEVSKY BOGDAN IGOROVYCH;
Now Hope on Monday;Original Mix;UACT12500015;Low Communication;LINCHEVSKIY BOHDAN IGOROVYCH;
